ts,StockingHall,MalottHall,IvesHall,StimsonHall,SpaceSciencesBuilding,MannLibrary,GoldwinSmithHall,KlarmanHall,SageHall,MilsteinHall,MarthaVanRensselaerHall
2023-01-01T00:00:00-05:00 New_York,365.57501220703125kW,58.875kW,97.0999984741211kW,31.375kW,54.07500076293945kW,89kW,83.42500305175781kW,44.525001525878906kW,117.4000015258789kW,81.9000015258789kW,72.20000457763672kW
2023-01-02T00:00:00-05:00 New_York,377.79998779296875kW,59.32500076293945kW,85.92500305175781kW,30.850000381469727kW,55.17499923706055kW,92.875kW,82.07499694824219kW,46.875kW,120.67500305175781kW,94.9000015258789kW,74.70000457763672kW
2023-01-03T00:00:00-05:00 New_York,503.70001220703125kW,90.57499694824219kW,127.8499984741211kW,35.95000076293945kW,66.57499694824219kW,185.02499389648438kW,128.60000610351562kW,63.92499923706055kW,176.27499389648438kW,122.8499984741211kW,107.375kW
2023-01-04T00:00:00-05:00 New_York,495.5kW,87.19999694824219kW,148.10000610351562kW,34.07500076293945kW,61kW,184.52499389648438kW,123.75kW,54.5kW,183.8249969482422kW,122.6500015258789kW,112.22500610351562kW
2023-01-05T00:00:00-05:00 New_York,473.6000061035156kW,81.2249984741211kW,140.39999389648438kW,37.04999923706055kW,74kW,180.3000030517578kW,91.44999694824219kW,64.69999694824219kW,186.6999969482422kW,115.6500015258789kW,88.32500457763672kW
2023-01-06T00:00:00-05:00 New_York,467.875kW,81.44999694824219kW,123.19999694824219kW,33.775001525878906kW,67.0250015258789kW,174kW,126.2249984741211kW,60.400001525878906kW,182.9250030517578kW,119.125kW,91.25kW
2023-01-07T00:00:00-05:00 New_York,374.17498779296875kW,57.79999923706055kW,75kW,33.04999923706055kW,57.70000076293945kW,113.69999694824219kW,110.3499984741211kW,49.82500076293945kW,146.25kW,112.25kW,65.9749984741211kW
2023-01-08T00:00:00-05:00 New_York,387.625kW,54.125kW,79.55000305175781kW,32.95000076293945kW,57.55000305175781kW,112.5999984741211kW,80.5999984741211kW,51.775001525878906kW,184.27499389648438kW,110.19999694824219kW,72kW
2023-01-09T00:00:00-05:00 New_York,533.7249755859375kW,84.30000305175781kW,118.9749984741211kW,34.54999923706055kW,69.44999694824219kW,180.89999389648438kW,98.9000015258789kW,60.474998474121094kW,214.5749969482422kW,120.2249984741211kW,93.4749984741211kW
2023-01-10T00:00:00-05:00 New_York,517.0999755859375kW,85.9000015258789kW,122.32499694824219kW,38.57500076293945kW,66.14999389648438kW,189.77499389648438kW,101.80000305175781kW,60.07500076293945kW,229.0749969482422kW,120.5999984741211kW,103kW
2023-01-11T00:00:00-05:00 New_York,506.25kW,83.32499694824219kW,124.82499694824219kW,37.82500076293945kW,69.07499694824219kW,177.0749969482422kW,107.4000015258789kW,66.55000305175781kW,209.1999969482422kW,123.5250015258789kW,100.4749984741211kW
2023-01-12T00:00:00-05:00 New_York,538.0999755859375kW,88.57499694824219kW,132.72500610351562kW,38.95000076293945kW,80.42500305175781kW,187.625kW,119.7750015258789kW,59.150001525878906kW,217.27499389648438kW,126.25kW,135.5500030517578kW
2023-01-13T00:00:00-05:00 New_York,518.7750244140625kW,79.42500305175781kW,118.44999694824219kW,35.70000076293945kW,68.92500305175781kW,172.02499389648438kW,101.7750015258789kW,62.29999923706055kW,215.375kW,131.9250030517578kW,105.97500610351562kW
2023-01-14T00:00:00-05:00 New_York,379.67498779296875kW,56.42499923706055kW,82.4749984741211kW,33.275001525878906kW,56kW,113.25kW,88.9000015258789kW,54.32500076293945kW,173.9250030517578kW,125.4749984741211kW,63.974998474121094kW
2023-01-15T00:00:00-05:00 New_York,362.9750061035156kW,53.599998474121094kW,78.67500305175781kW,37.54999923706055kW,56.30000305175781kW,114.69999694824219kW,81.7750015258789kW,44.82500076293945kW,170.85000610351562kW,101.57499694824219kW,65.7750015258789kW
2023-01-16T00:00:00-05:00 New_York,440.1000061035156kW,70.32499694824219kW,97.8499984741211kW,32.92499923706055kW,56.349998474121094kW,118.625kW,78.7750015258789kW,46.95000076293945kW,170.3249969482422kW,102.07499694824219kW,76.4000015258789kW
2023-01-17T00:00:00-05:00 New_York,492.1000061035156kW,80.55000305175781kW,129.25kW,40.32500076293945kW,68.47500610351562kW,185.97500610351562kW,132.375kW,62.42499923706055kW,221.5500030517578kW,130.14999389648438kW,96.07499694824219kW
2023-01-18T00:00:00-05:00 New_York,471.95001220703125kW,81.80000305175781kW,132.4499969482422kW,43.67499923706055kW,63.20000076293945kW,188.0749969482422kW,101.5999984741211kW,63.099998474121094kW,205.6999969482422kW,130.02499389648438kW,142.85000610351562kW
2023-01-19T00:00:00-05:00 New_York,579.9000244140625kW,78.0999984741211kW,141.6750030517578kW,38.17499923706055kW,69.42500305175781kW,193.02499389648438kW,118.57499694824219kW,65.5250015258789kW,226.14999389648438kW,126.0999984741211kW,126.52499389648438kW
2023-01-20T00:00:00-05:00 New_York,496.07501220703125kW,83.8499984741211kW,133.85000610351562kW,35.75kW,71.25kW,183.52499389648438kW,117.6500015258789kW,68.05000305175781kW,244.0749969482422kW,138.22500610351562kW,80.92499542236328kW
2023-01-21T00:00:00-05:00 New_York,378.29998779296875kW,55.75kW,88.375kW,32.275001525878906kW,53.94999694824219kW,154.5kW,83.0250015258789kW,62.79999923706055kW,164.875kW,98.9000015258789kW,64.57499694824219kW
2023-01-22T00:00:00-05:00 New_York,395.5249938964844kW,58.67499923706055kW,83.7750015258789kW,32.45000076293945kW,53.974998474121094kW,153.625kW,116.57499694824219kW,58.42499923706055kW,160.1999969482422kW,101.125kW,67.17500305175781kW
2023-01-23T00:00:00-05:00 New_York,526.7750244140625kW,94.25kW,148.75kW,40.42499923706055kW,77.875kW,200.5500030517578kW,146.25kW,80.57499694824219kW,255.72500610351562kW,154.8249969482422kW,84.7750015258789kW
2023-01-24T00:00:00-05:00 New_York,553.25kW,102.375kW,156.85000610351562kW,47.099998474121094kW,79.07499694824219kW,203.3249969482422kW,133.625kW,80.2249984741211kW,266.8999938964844kW,156.0749969482422kW,85.92500305175781kW
2023-01-25T00:00:00-05:00 New_York,555.1749877929688kW,99.2249984741211kW,161.375kW,45.775001525878906kW,79.67500305175781kW,198.02499389648438kW,150.72500610351562kW,80.19999694824219kW,254.85000610351562kW,173.0500030517578kW,81.30000305175781kW
2023-01-26T00:00:00-05:00 New_York,592.1749877929688kW,102.57499694824219kW,152.8249969482422kW,52.54999923706055kW,74.9749984741211kW,208.3249969482422kW,136.8000030517578kW,76.875kW,245.0749969482422kW,162.02499389648438kW,97.5kW
2023-01-27T00:00:00-05:00 New_York,528.5750122070312kW,89.4000015258789kW,146.14999389648438kW,50.625kW,73.3499984741211kW,200.875kW,116.25kW,91.875kW,229.8000030517578kW,187.875kW,151.47500610351562kW
2023-01-28T00:00:00-05:00 New_York,386.45001220703125kW,61.20000076293945kW,83.9749984741211kW,35.54999923706055kW,54.77499771118164kW,151.4499969482422kW,87.2750015258789kW,55.275001525878906kW,164.8249969482422kW,112.5999984741211kW,73.25kW
2023-01-29T00:00:00-05:00 New_York,385.32501220703125kW,69.07499694824219kW,81.57499694824219kW,36.5kW,54.57500076293945kW,156.10000610351562kW,94kW,45.25kW,168.8000030517578kW,140.47500610351562kW,70.5kW
2023-01-30T00:00:00-05:00 New_York,555.375kW,103.82499694824219kW,159.25kW,48.17499923706055kW,75.92500305175781kW,202.77499389648438kW,136.64999389648438kW,77.07499694824219kW,261.375kW,175.97500610351562kW,90.0999984741211kW
2023-01-31T00:00:00-05:00 New_York,530.125kW,101.25kW,156.125kW,43.82500076293945kW,90.1500015258789kW,204.4250030517578kW,126.05000305175781kW,82.2750015258789kW,248.27499389648438kW,178.75kW,84.7750015258789kW
2023-02-01T00:00:00-05:00 New_York,513.1500244140625kW,99.2249984741211kW,161.9250030517578kW,45.67499923706055kW,74.82499694824219kW,199.4499969482422kW,134.89999389648438kW,86.625kW,258.29998779296875kW,175.1750030517578kW,84kW
2023-02-02T00:00:00-05:00 New_York,586.0999755859375kW,105.125kW,152.52499389648438kW,46.75kW,73.375kW,209.9499969482422kW,131.72500610351562kW,83.42500305175781kW,246.8249969482422kW,162.9250030517578kW,87.8499984741211kW
2023-02-03T00:00:00-05:00 New_York,539.6500244140625kW,90.82499694824219kW,164.1750030517578kW,54.20000076293945kW,76.10000610351562kW,210.4499969482422kW,125.69999694824219kW,80.42500305175781kW,246.35000610351562kW,192.1999969482422kW,111kW
2023-02-04T00:00:00-05:00 New_York,385.5kW,62.20000076293945kW,82.8499984741211kW,36.400001525878906kW,58.55000305175781kW,166.1999969482422kW,92.2249984741211kW,60.32500076293945kW,192.60000610351562kW,131.14999389648438kW,60.474998474121094kW
2023-02-05T00:00:00-05:00 New_York,391.82501220703125kW,68.2249984741211kW,82.0250015258789kW,40.900001525878906kW,56.125kW,146.22500610351562kW,90.69999694824219kW,48.375kW,172.52499389648438kW,127.6500015258789kW,71.75kW
2023-02-06T00:00:00-05:00 New_York,535.375kW,96.6500015258789kW,152.27499389648438kW,53.25kW,75.55000305175781kW,197.72500610351562kW,139.5500030517578kW,70.75kW,265.82501220703125kW,184.3000030517578kW,99.375kW
2023-02-07T00:00:00-05:00 New_York,530.375kW,101.57499694824219kW,145.14999389648438kW,45.17499923706055kW,67.55000305175781kW,189.72500610351562kW,125.17500305175781kW,92.05000305175781kW,266.8500061035156kW,164.02499389648438kW,127.80000305175781kW
2023-02-08T00:00:00-05:00 New_York,575.2999877929688kW,102.0250015258789kW,154.4499969482422kW,44.474998474121094kW,70.10000610351562kW,202.9250030517578kW,128.75kW,78.125kW,266.3999938964844kW,185.125kW,102.67499542236328kW
2023-02-09T00:00:00-05:00 New_York,584.25kW,105.9000015258789kW,154.10000610351562kW,54.95000076293945kW,75.2249984741211kW,207.75kW,145.39999389648438kW,80.25kW,251.625kW,175.77499389648438kW,91.5kW
2023-02-10T00:00:00-05:00 New_York,516.7249755859375kW,96.2750015258789kW,147.0749969482422kW,51.29999923706055kW,74.25kW,203.72500610351562kW,126.375kW,78.4000015258789kW,242.125kW,168.5kW,156.20001220703125kW
2023-02-11T00:00:00-05:00 New_York,445.2250061035156kW,63.875kW,99.19999694824219kW,35.32500076293945kW,52.92499923706055kW,155.1999969482422kW,93.0250015258789kW,46.474998474121094kW,155.1750030517578kW,122.92500305175781kW,72.7750015258789kW
2023-02-12T00:00:00-05:00 New_York,379.29998779296875kW,66.125kW,88.9749984741211kW,38.474998474121094kW,52.80000305175781kW,152.4499969482422kW,96.1500015258789kW,48.625kW,157.875kW,151.60000610351562kW,75.5250015258789kW
2023-02-13T00:00:00-05:00 New_York,564.0999755859375kW,99.32499694824219kW,150.47500610351562kW,42.375kW,73.9749984741211kW,210.5749969482422kW,124.9000015258789kW,80.75kW,262.42498779296875kW,172.875kW,126kW
2023-02-14T00:00:00-05:00 New_York,544.0999755859375kW,100.5kW,151.89999389648438kW,47.82500076293945kW,67.7750015258789kW,196.4250030517578kW,121.4000015258789kW,72.92500305175781kW,264.9750061035156kW,172.5749969482422kW,115.75kW
2023-02-15T00:00:00-05:00 New_York,540.0999755859375kW,98.19999694824219kW,154.875kW,37.525001525878906kW,65.5250015258789kW,201.27499389648438kW,118.2750015258789kW,85.4749984741211kW,266.67498779296875kW,178.9250030517578kW,150.39999389648438kW
2023-02-16T00:00:00-05:00 New_York,578.5250244140625kW,107.4000015258789kW,149.6999969482422kW,54.57500076293945kW,70.4749984741211kW,203.8249969482422kW,112.69999694824219kW,73.80000305175781kW,255.3249969482422kW,171.97500610351562kW,119.875kW
2023-02-17T00:00:00-05:00 New_York,509.5kW,91.30000305175781kW,158.75kW,46.25kW,73.9749984741211kW,199.0749969482422kW,135.22500610351562kW,75.4749984741211kW,249.22500610351562kW,204.375kW,95.125kW
2023-02-18T00:00:00-05:00 New_York,396.2749938964844kW,64.125kW,108.875kW,36.974998474121094kW,55.95000076293945kW,160.77499389648438kW,93.2249984741211kW,50.25kW,164.52499389648438kW,133.9250030517578kW,82kW
2023-02-19T00:00:00-05:00 New_York,381.67498779296875kW,66.17500305175781kW,106.125kW,39.349998474121094kW,54.849998474121094kW,169.4499969482422kW,90.7249984741211kW,46.79999923706055kW,168.27499389648438kW,162.27499389648438kW,77.44999694824219kW
2023-02-20T00:00:00-05:00 New_York,524.25kW,102.32499694824219kW,150.02499389648438kW,43.400001525878906kW,73.92500305175781kW,206.875kW,128.3249969482422kW,78.7249984741211kW,262.92498779296875kW,166.8000030517578kW,107.4000015258789kW
2023-02-21T00:00:00-05:00 New_York,536.7750244140625kW,106.875kW,162.6750030517578kW,45.45000076293945kW,71.5250015258789kW,197.02499389648438kW,128.1750030517578kW,66.92500305175781kW,255.125kW,188.5749969482422kW,111.5kW
2023-02-22T00:00:00-05:00 New_York,553.7249755859375kW,103.2249984741211kW,159.625kW,41.92499923706055kW,70.30000305175781kW,196.02499389648438kW,146.22500610351562kW,73.2249984741211kW,251.5749969482422kW,186.10000610351562kW,163.60000610351562kW
2023-02-23T00:00:00-05:00 New_York,563.9000244140625kW,98.875kW,146.4499969482422kW,47.224998474121094kW,77.10000610351562kW,207.72500610351562kW,124.57499694824219kW,73.5999984741211kW,259kW,195.1999969482422kW,157.22500610351562kW
2023-02-24T00:00:00-05:00 New_York,525.2999877929688kW,103.67500305175781kW,143.10000610351562kW,41.20000076293945kW,75.64999389648438kW,192.5500030517578kW,130.10000610351562kW,79.4000015258789kW,230.52499389648438kW,175.8000030517578kW,83.9749984741211kW
2023-02-25T00:00:00-05:00 New_York,375.7250061035156kW,56.724998474121094kW,89.25kW,33.650001525878906kW,57kW,142.72500610351562kW,102.7750015258789kW,46.875kW,169.14999389648438kW,120.7750015258789kW,67.57499694824219kW
2023-02-26T00:00:00-05:00 New_York,372.6000061035156kW,62.775001525878906kW,83.5999984741211kW,33.125kW,66.92500305175781kW,103.4000015258789kW,85.07499694824219kW,47.150001525878906kW,173.97500610351562kW,112.8499984741211kW,79.57499694824219kW
2023-02-27T00:00:00-05:00 New_York,569.2000122070312kW,85.44999694824219kW,130.4499969482422kW,43.82500076293945kW,74.2750015258789kW,177.64999389648438kW,110.5kW,70.8499984741211kW,215.5749969482422kW,139.64999389648438kW,93.6500015258789kW
2023-02-28T00:00:00-05:00 New_York,538.4500122070312kW,85.67500305175781kW,130.60000610351562kW,35.599998474121094kW,70.0250015258789kW,185.39999389648438kW,130.3000030517578kW,77.25kW,241.52499389648438kW,148kW,105.17500305175781kW
2023-03-01T00:00:00-05:00 New_York,535.375kW,95.5250015258789kW,162.9250030517578kW,49.025001525878906kW,73.44999694824219kW,203kW,131.8000030517578kW,82.2750015258789kW,261.79998779296875kW,189.0749969482422kW,105.4000015258789kW
2023-03-02T00:00:00-05:00 New_York,566.2999877929688kW,100.7249984741211kW,156.10000610351562kW,49.45000076293945kW,72.375kW,211.4250030517578kW,128.3000030517578kW,82.42500305175781kW,250.0500030517578kW,174.3000030517578kW,111.07499694824219kW
2023-03-03T00:00:00-05:00 New_York,486kW,94.80000305175781kW,145.6750030517578kW,48.849998474121094kW,73.80000305175781kW,202.9250030517578kW,126.42500305175781kW,68.42500305175781kW,258.6000061035156kW,196.5500030517578kW,92.7249984741211kW
2023-03-04T00:00:00-05:00 New_York,376.5249938964844kW,62.099998474121094kW,94.9000015258789kW,37.974998474121094kW,56.07500076293945kW,147.9250030517578kW,117.80000305175781kW,53.29999923706055kW,178.3249969482422kW,149.97500610351562kW,71.7750015258789kW
2023-03-05T00:00:00-05:00 New_York,373.25kW,65.07499694824219kW,94.0999984741211kW,44.79999923706055kW,56.849998474121094kW,153.0500030517578kW,94.75kW,50.92499923706055kW,175.5500030517578kW,152.1750030517578kW,72.55000305175781kW
2023-03-06T00:00:00-05:00 New_York,523.4249877929688kW,98.2750015258789kW,154.625kW,44.42499923706055kW,72.2249984741211kW,211.3249969482422kW,133.72500610351562kW,78.17500305175781kW,266.7250061035156kW,185.52499389648438kW,103.1500015258789kW
2023-03-07T00:00:00-05:00 New_York,525.2999877929688kW,99.2750015258789kW,157.5749969482422kW,51.025001525878906kW,77.1500015258789kW,200.47500610351562kW,126.8499984741211kW,69.7750015258789kW,257.82501220703125kW,183.22500610351562kW,102.17500305175781kW
2023-03-08T00:00:00-05:00 New_York,531.4249877929688kW,107.2249984741211kW,156.27499389648438kW,52.17499923706055kW,75.05000305175781kW,208.125kW,133.5500030517578kW,88.92500305175781kW,260.79998779296875kW,198.27499389648438kW,87.47500610351562kW
2023-03-09T00:00:00-05:00 New_York,540.5kW,105.375kW,152.85000610351562kW,50.474998474121094kW,81.875kW,210.02499389648438kW,128.125kW,75.0250015258789kW,263.375kW,185.6999969482422kW,94.67499542236328kW
2023-03-10T00:00:00-05:00 New_York,497.67498779296875kW,99.57499694824219kW,143.89999389648438kW,45.82500076293945kW,74.55000305175781kW,204.39999389648438kW,148.8249969482422kW,82.94999694824219kW,249.4250030517578kW,189.9250030517578kW,98.57499694824219kW
2023-03-11T00:00:00-05:00 New_York,397kW,61.32500076293945kW,88.6500015258789kW,37.54999923706055kW,59.10000228881836kW,164.25kW,116.9000015258789kW,49.525001525878906kW,166.5500030517578kW,142.10000610351562kW,71.4000015258789kW
2023-03-12T00:00:00-05:00 New_York,377.6499938964844kW,65.0999984741211kW,90.94999694824219kW,40.07500076293945kW,58.20000076293945kW,157.64999389648438kW,92.5kW,51.099998474121094kW,160.77499389648438kW,161.1750030517578kW,78.07499694824219kW
2023-03-13T00:00:00-04:00 New_York,513.0250244140625kW,100.5kW,149.5kW,46kW,74.67500305175781kW,204.9499969482422kW,148.02499389648438kW,74.625kW,260.3500061035156kW,178.0500030517578kW,105.2750015258789kW
2023-03-14T00:00:00-04:00 New_York,440.5249938964844kW,73.92500305175781kW,100.25kW,34.275001525878906kW,58.224998474121094kW,136.25kW,115.69999694824219kW,58.92499923706055kW,160.3000030517578kW,114.625kW,71.3499984741211kW
2023-03-15T00:00:00-04:00 New_York,588.7249755859375kW,96.7750015258789kW,150.375kW,50.57500076293945kW,75.82499694824219kW,205.0500030517578kW,138.375kW,74.7750015258789kW,265.5249938964844kW,173.72500610351562kW,102kW
2023-03-16T00:00:00-04:00 New_York,555.375kW,97.80000305175781kW,153.85000610351562kW,44.25kW,72.75kW,196.22500610351562kW,124.4000015258789kW,68.4000015258789kW,282.8500061035156kW,170.89999389648438kW,101.2249984741211kW
2023-03-17T00:00:00-04:00 New_York,517.875kW,92.6500015258789kW,147.75kW,41.650001525878906kW,88.39999389648438kW,194.9250030517578kW,132.8249969482422kW,74.32499694824219kW,256.25kW,175.72500610351562kW,90.8499984741211kW
2023-03-18T00:00:00-04:00 New_York,382.95001220703125kW,58.54999923706055kW,85.9749984741211kW,35.67499923706055kW,53.625kW,152.10000610351562kW,88.3499984741211kW,47.150001525878906kW,184.75kW,125.67500305175781kW,74.80000305175781kW
2023-03-19T00:00:00-04:00 New_York,391.75kW,65.3499984741211kW,86.8499984741211kW,39.625kW,54.150001525878906kW,156.0500030517578kW,95.75kW,48.625kW,183.75kW,176.5500030517578kW,65.55000305175781kW
2023-03-20T00:00:00-04:00 New_York,546.0499877929688kW,108.32499694824219kW,157.3249969482422kW,42.349998474121094kW,86.125kW,197.75kW,131.75kW,71.7750015258789kW,271.375kW,190.89999389648438kW,119.5250015258789kW
2023-03-21T00:00:00-04:00 New_York,530.1500244140625kW,103.0999984741211kW,149.60000610351562kW,42.70000076293945kW,78.125kW,206.0749969482422kW,124.19999694824219kW,79.7750015258789kW,267.7250061035156kW,167.9499969482422kW,150.8000030517578kW
2023-03-22T00:00:00-04:00 New_York,558.8499755859375kW,96.2750015258789kW,161.77499389648438kW,42.20000076293945kW,68.125kW,202.72500610351562kW,132.35000610351562kW,77.30000305175781kW,270.95001220703125kW,189.75kW,98.25kW
2023-03-23T00:00:00-04:00 New_York,609.7750244140625kW,102.375kW,155.375kW,48.400001525878906kW,70.4000015258789kW,199.35000610351562kW,138.64999389648438kW,76.875kW,264.8999938964844kW,183.27499389648438kW,108kW
2023-03-24T00:00:00-04:00 New_York,509.7749938964844kW,100.375kW,146.10000610351562kW,42.025001525878906kW,74.2249984741211kW,186.875kW,126kW,77.0999984741211kW,249.3000030517578kW,176.875kW,135.8249969482422kW
2023-03-25T00:00:00-04:00 New_York,385.0249938964844kW,61.42499923706055kW,98.05000305175781kW,38.25kW,56.45000076293945kW,166.14999389648438kW,100.4749984741211kW,54.849998474121094kW,179.35000610351562kW,139.8000030517578kW,72.47500610351562kW
2023-03-26T00:00:00-04:00 New_York,381.04998779296875kW,67.4749984741211kW,85.1500015258789kW,37.75kW,52.72500228881836kW,163.5500030517578kW,91.7750015258789kW,44.400001525878906kW,186.0500030517578kW,165.52499389648438kW,82.67500305175781kW
2023-03-27T00:00:00-04:00 New_York,529.4000244140625kW,103.32499694824219kW,152.6750030517578kW,46.974998474121094kW,78.92500305175781kW,199.4499969482422kW,126.6500015258789kW,72.32499694824219kW,257.625kW,202.125kW,125.7249984741211kW
2023-03-28T00:00:00-04:00 New_York,554.0750122070312kW,98.80000305175781kW,158.6750030517578kW,43.67499923706055kW,71.5kW,198.97500610351562kW,122.55000305175781kW,78.6500015258789kW,261kW,187.5500030517578kW,121.19999694824219kW
2023-03-29T00:00:00-04:00 New_York,549.25kW,96.75kW,152.22500610351562kW,45.875kW,73.05000305175781kW,198.85000610351562kW,126.6500015258789kW,80.0250015258789kW,253.72500610351562kW,176.9499969482422kW,100.97500610351562kW
2023-03-30T00:00:00-04:00 New_York,539kW,99.9000015258789kW,147.97500610351562kW,41.275001525878906kW,77.6500015258789kW,202.875kW,115.9749984741211kW,80.3499984741211kW,262.1499938964844kW,187.6999969482422kW,103.07499694824219kW
2023-03-31T00:00:00-04:00 New_York,485.45001220703125kW,95.5999984741211kW,140.9499969482422kW,48.724998474121094kW,80.52499389648438kW,195.125kW,126.5kW,76.25kW,235.6750030517578kW,143.27499389648438kW,150.8249969482422kW
2023-04-01T00:00:00-04:00 New_York,388.7250061035156kW,68.9000015258789kW,86.32499694824219kW,30.350000381469727kW,59.02499771118164kW,153.375kW,116.0999984741211kW,47.29999923706055kW,147.10000610351562kW,105.67500305175781kW,73.67500305175781kW
2023-04-02T00:00:00-04:00 New_York,377.54998779296875kW,66.44999694824219kW,88.2750015258789kW,30.825000762939453kW,56.57499694824219kW,115.42500305175781kW,88.0999984741211kW,49.650001525878906kW,150.5500030517578kW,126.625kW,75.57499694824219kW
2023-04-03T00:00:00-04:00 New_York,539.7249755859375kW,85.7249984741211kW,131.10000610351562kW,45.29999923706055kW,59.525001525878906kW,182.6999969482422kW,111.32499694824219kW,63.474998474121094kW,214.3000030517578kW,123.9000015258789kW,122.75kW
2023-04-04T00:00:00-04:00 New_York,530.5kW,77.42500305175781kW,130.375kW,37.375kW,64.8499984741211kW,185.4250030517578kW,100.9749984741211kW,56.349998474121094kW,215.89999389648438kW,140.5kW,107.5kW
2023-04-05T00:00:00-04:00 New_York,481.32501220703125kW,77.82499694824219kW,150.35000610351562kW,30.924999237060547kW,64.375kW,185.25kW,94.1500015258789kW,74.32499694824219kW,209.47500610351562kW,116.875kW,90.0999984741211kW
2023-04-06T00:00:00-04:00 New_York,520.3499755859375kW,82.19999694824219kW,161.35000610351562kW,31.25kW,60.64999771118164kW,179.1999969482422kW,93.05000305175781kW,59.775001525878906kW,221.5500030517578kW,126.3499984741211kW,142.9250030517578kW
2023-04-07T00:00:00-04:00 New_York,472.07501220703125kW,82.25kW,126kW,32.724998474121094kW,61.19999694824219kW,167.77499389648438kW,90.2750015258789kW,57.42499923706055kW,211.3000030517578kW,127.875kW,110.7750015258789kW
2023-04-08T00:00:00-04:00 New_York,396.4750061035156kW,54.75kW,81.375kW,30.299999237060547kW,56.45000076293945kW,151.27499389648438kW,80.375kW,47.224998474121094kW,152.8000030517578kW,105.5999984741211kW,84.10000610351562kW
2023-04-09T00:00:00-04:00 New_York,358.20001220703125kW,63.625kW,84.32499694824219kW,31.524999618530273kW,54.20000076293945kW,147.22500610351562kW,79.80000305175781kW,51.625kW,158.39999389648438kW,138.0749969482422kW,81.67500305175781kW
2023-04-10T00:00:00-04:00 New_York,516.2000122070312kW,98.25kW,147.89999389648438kW,36.04999923706055kW,73.57499694824219kW,198.27499389648438kW,125.4000015258789kW,67.6500015258789kW,262.1000061035156kW,168.4499969482422kW,168.97500610351562kW
2023-04-11T00:00:00-04:00 New_York,527.7000122070312kW,96.5250015258789kW,150.875kW,34.32500076293945kW,74.80000305175781kW,198.0749969482422kW,120.4749984741211kW,70.80000305175781kW,262.7250061035156kW,174.52499389648438kW,183.3249969482422kW
2023-04-12T00:00:00-04:00 New_York,496.79998779296875kW,91.7249984741211kW,151.8000030517578kW,33kW,81.07499694824219kW,192.64999389648438kW,117.9749984741211kW,70.82499694824219kW,265.2749938964844kW,195.875kW,98.75kW
2023-04-13T00:00:00-04:00 New_York,544.2249755859375kW,89.625kW,168.5kW,33.07500076293945kW,79.94999694824219kW,189.9250030517578kW,116.375kW,77.32499694824219kW,264.04998779296875kW,175.5500030517578kW,105.7249984741211kW
2023-04-14T00:00:00-04:00 New_York,483.1000061035156kW,87.1500015258789kW,164.9250030517578kW,42.70000076293945kW,86.2249984741211kW,184.875kW,114.7249984741211kW,72.1500015258789kW,250.4250030517578kW,175.3249969482422kW,103.55000305175781kW
2023-04-15T00:00:00-04:00 New_York,429.1499938964844kW,49.67499923706055kW,120.9000015258789kW,27.149999618530273kW,62.125kW,154.10000610351562kW,85.94999694824219kW,51.599998474121094kW,171.6750030517578kW,121.07499694824219kW,86.57499694824219kW
2023-04-16T00:00:00-04:00 New_York,390.92498779296875kW,63.349998474121094kW,111.6500015258789kW,27.774999618530273kW,62.724998474121094kW,155.6750030517578kW,86.30000305175781kW,49.875kW,176.6999969482422kW,157.875kW,83.875kW
2023-04-17T00:00:00-04:00 New_York,552.3250122070312kW,99.07499694824219kW,177.1750030517578kW,41kW,75.5kW,200.25kW,132.4250030517578kW,87.57499694824219kW,249.5749969482422kW,182.47500610351562kW,123.07500457763672kW
2023-04-18T00:00:00-04:00 New_York,574.9749755859375kW,104.4000015258789kW,153.22500610351562kW,46.375kW,80.7750015258789kW,196.125kW,118.17500305175781kW,76.125kW,270.82501220703125kW,199.60000610351562kW,125.55000305175781kW
2023-04-19T00:00:00-04:00 New_York,515.875kW,93.4749984741211kW,151.9499969482422kW,53.42499923706055kW,72.1500015258789kW,196.0749969482422kW,129.10000610351562kW,84.82499694824219kW,265.20001220703125kW,213.1750030517578kW,113.94999694824219kW
2023-04-20T00:00:00-04:00 New_York,569.7249755859375kW,97.375kW,149.8000030517578kW,40.25kW,77.02499389648438kW,193.6999969482422kW,117.4749984741211kW,78.9000015258789kW,256.4750061035156kW,177.39999389648438kW,142.42498779296875kW
2023-04-21T00:00:00-04:00 New_York,480.125kW,85.17500305175781kW,154.97500610351562kW,34.150001525878906kW,85.0250015258789kW,190.8249969482422kW,117.44999694824219kW,81.0999984741211kW,243.25kW,173.10000610351562kW,132.52499389648438kW
2023-04-22T00:00:00-04:00 New_York,394.82501220703125kW,50.724998474121094kW,127.4000015258789kW,30.200000762939453kW,57.17499923706055kW,154.10000610351562kW,98.2750015258789kW,60.82500076293945kW,186.77499389648438kW,133.5500030517578kW,80.57499694824219kW
2023-04-23T00:00:00-04:00 New_York,404.875kW,66.30000305175781kW,123kW,34.900001525878906kW,56.349998474121094kW,149.375kW,110.80000305175781kW,51.099998474121094kW,153.9250030517578kW,177.22500610351562kW,72.82499694824219kW
2023-04-24T00:00:00-04:00 New_York,551.7000122070312kW,98.44999694824219kW,151.8249969482422kW,46.75kW,78.0999984741211kW,199.25kW,142.3249969482422kW,75.125kW,260.375kW,201.625kW,174.1750030517578kW
2023-04-25T00:00:00-04:00 New_York,538.7999877929688kW,102.1500015258789kW,161.5kW,48.224998474121094kW,84.55000305175781kW,198.5kW,121.5kW,79.7750015258789kW,262.5kW,200.77499389648438kW,132.5500030517578kW
2023-04-26T00:00:00-04:00 New_York,525.25kW,95.92500305175781kW,156.3249969482422kW,47kW,71.875kW,191.60000610351562kW,140.64999389648438kW,78.5kW,270.1499938964844kW,210.64999389648438kW,140.1750030517578kW
2023-04-27T00:00:00-04:00 New_York,585.9000244140625kW,100.44999694824219kW,154.1750030517578kW,37.75kW,74.6500015258789kW,205.35000610351562kW,122.75kW,74.55000305175781kW,260.5kW,195.6750030517578kW,117.5kW
2023-04-28T00:00:00-04:00 New_York,482.67498779296875kW,89.55000305175781kW,143.1750030517578kW,35.849998474121094kW,82.44999694824219kW,199.9250030517578kW,118.67500305175781kW,82.07499694824219kW,253.3000030517578kW,204.39999389648438kW,103.32499694824219kW
2023-04-29T00:00:00-04:00 New_York,404.42498779296875kW,52.25kW,106.32499694824219kW,32.349998474121094kW,57.04999923706055kW,159.625kW,109.0250015258789kW,55.07500076293945kW,163.27499389648438kW,133kW,76.3499984741211kW
2023-04-30T00:00:00-04:00 New_York,390.04998779296875kW,57.400001525878906kW,119.80000305175781kW,30.649999618530273kW,55.95000076293945kW,150.9250030517578kW,110.875kW,48.474998474121094kW,158.6999969482422kW,190kW,77.92500305175781kW
2023-05-01T00:00:00-04:00 New_York,576.2999877929688kW,90.32499694824219kW,169.39999389648438kW,44.724998474121094kW,84.69999694824219kW,202.27499389648438kW,123.3499984741211kW,72.9749984741211kW,260.8999938964844kW,202.125kW,108.95000457763672kW
2023-05-02T00:00:00-04:00 New_York,547.3250122070312kW,105.6500015258789kW,158.60000610351562kW,43.95000076293945kW,90.30000305175781kW,199.3249969482422kW,121.30000305175781kW,67.0250015258789kW,261.375kW,208.0749969482422kW,136.85000610351562kW
2023-05-03T00:00:00-04:00 New_York,543.5750122070312kW,103.5250015258789kW,154.6999969482422kW,42.974998474121094kW,88.75kW,206.35000610351562kW,121.0250015258789kW,78.2750015258789kW,261.375kW,193.97500610351562kW,117.07500457763672kW
2023-05-04T00:00:00-04:00 New_York,562.2249755859375kW,96.125kW,155.3000030517578kW,57.275001525878906kW,94.4000015258789kW,196.02499389648438kW,122.25kW,78.07499694824219kW,263.3500061035156kW,201.375kW,112.625kW
2023-05-05T00:00:00-04:00 New_York,527.2750244140625kW,99.67500305175781kW,148.5500030517578kW,41.599998474121094kW,91.625kW,202.4499969482422kW,115.67500305175781kW,69.07499694824219kW,236.4250030517578kW,204.625kW,137.35000610351562kW
2023-05-06T00:00:00-04:00 New_York,403.875kW,64.1500015258789kW,94.19999694824219kW,28.424999237060547kW,66.125kW,147.3000030517578kW,87.30000305175781kW,48.125kW,190.47500610351562kW,146.22500610351562kW,79.05000305175781kW
2023-05-07T00:00:00-04:00 New_York,385.875kW,65.80000305175781kW,109.4749984741211kW,31.899999618530273kW,64.55000305175781kW,150.8249969482422kW,110.625kW,50.625kW,184.02499389648438kW,177.9250030517578kW,77.0250015258789kW
2023-05-08T00:00:00-04:00 New_York,537.7999877929688kW,90.125kW,165.8249969482422kW,38.275001525878906kW,76.69999694824219kW,190.47500610351562kW,121.67500305175781kW,73.94999694824219kW,273.4750061035156kW,212.5500030517578kW,132.22500610351562kW
2023-05-09T00:00:00-04:00 New_York,539.5499877929688kW,95.125kW,152.9499969482422kW,36.275001525878906kW,84.875kW,198.35000610351562kW,113.375kW,72.4000015258789kW,265.29998779296875kW,192.97500610351562kW,105.125kW
2023-05-10T00:00:00-04:00 New_York,479.2749938964844kW,84.8499984741211kW,129.5749969482422kW,32.57500076293945kW,79.1500015258789kW,179.77499389648438kW,90.5kW,54.82500076293945kW,223.85000610351562kW,180.89999389648438kW,116.29999542236328kW
2023-05-11T00:00:00-04:00 New_York,533.25kW,84.8499984741211kW,143.10000610351562kW,32.525001525878906kW,86.89999389648438kW,193.3000030517578kW,105.57499694824219kW,84.7750015258789kW,238.22500610351562kW,170kW,130.52500915527344kW
2023-05-12T00:00:00-04:00 New_York,460.95001220703125kW,79.8499984741211kW,154.8000030517578kW,34.67499923706055kW,84.92500305175781kW,188.0749969482422kW,105.4749984741211kW,65.57499694824219kW,250.875kW,169.5500030517578kW,149.52499389648438kW
2023-05-13T00:00:00-04:00 New_York,381.9750061035156kW,52.07500076293945kW,122.4000015258789kW,28.200000762939453kW,65.5kW,158.97500610351562kW,88.05000305175781kW,52.224998474121094kW,171.35000610351562kW,138.02499389648438kW,82.6500015258789kW
2023-05-14T00:00:00-04:00 New_York,385.1000061035156kW,58.474998474121094kW,115.42500305175781kW,32.375kW,68.5250015258789kW,164.9499969482422kW,87.9749984741211kW,53.625kW,168.4499969482422kW,138.60000610351562kW,82.4000015258789kW
2023-05-15T00:00:00-04:00 New_York,510.7250061035156kW,88.9749984741211kW,134.5749969482422kW,35.900001525878906kW,74.9000015258789kW,191.4499969482422kW,103.44999694824219kW,77.44999694824219kW,243.22500610351562kW,158.0749969482422kW,120.69999694824219kW
2023-05-16T00:00:00-04:00 New_York,508.92498779296875kW,84.2750015258789kW,141.75kW,35.625kW,76.125kW,184.60000610351562kW,104.6500015258789kW,65.80000305175781kW,245.27499389648438kW,160.6750030517578kW,117.9749984741211kW
2023-05-17T00:00:00-04:00 New_York,561.4749755859375kW,86.0250015258789kW,135.64999389648438kW,35.599998474121094kW,79.57499694824219kW,196kW,110.9000015258789kW,72.82499694824219kW,244.14999389648438kW,184.14999389648438kW,112.75kW
2023-05-18T00:00:00-04:00 New_York,520.3250122070312kW,77.0999984741211kW,144.64999389648438kW,34.224998474121094kW,72.05000305175781kW,193.22500610351562kW,107.5250015258789kW,78.2750015258789kW,230.22500610351562kW,175.375kW,134.84999084472656kW
2023-05-19T00:00:00-04:00 New_York,508.2250061035156kW,80.5999984741211kW,132.52499389648438kW,31.075000762939453kW,72.5250015258789kW,180.0749969482422kW,95.5250015258789kW,66.2750015258789kW,221.625kW,146.64999389648438kW,124.0250015258789kW
2023-05-20T00:00:00-04:00 New_York,406.8999938964844kW,53.54999923706055kW,108.80000305175781kW,26.950000762939453kW,51.70000076293945kW,143.875kW,108.17500305175781kW,49.974998474121094kW,165.0500030517578kW,109.67500305175781kW,89.625kW
2023-05-21T00:00:00-04:00 New_York,405.32501220703125kW,48.125kW,102.30000305175781kW,29.625kW,53.30000305175781kW,103.75kW,85.8499984741211kW,45.82500076293945kW,171.9499969482422kW,120.7750015258789kW,92.55000305175781kW
2023-05-22T00:00:00-04:00 New_York,553.5999755859375kW,82.9000015258789kW,146.35000610351562kW,31.899999618530273kW,66.30000305175781kW,178.6999969482422kW,97.05000305175781kW,70.0999984741211kW,225.85000610351562kW,157.6999969482422kW,112.1500015258789kW
2023-05-23T00:00:00-04:00 New_York,553.125kW,74.7249984741211kW,155.625kW,35.474998474121094kW,62.474998474121094kW,174.0749969482422kW,101.125kW,78.875kW,238.5749969482422kW,135.375kW,173.67498779296875kW
2023-05-24T00:00:00-04:00 New_York,526.9000244140625kW,84.05000305175781kW,154.27499389648438kW,33.349998474121094kW,65.07499694824219kW,180.02499389648438kW,113.32499694824219kW,65.57499694824219kW,226.27499389648438kW,131.6750030517578kW,120.5250015258789kW
2023-05-25T00:00:00-04:00 New_York,548.7249755859375kW,78.1500015258789kW,138.14999389648438kW,32.224998474121094kW,63.900001525878906kW,186.8000030517578kW,102.32499694824219kW,64.2750015258789kW,220.47500610351562kW,148.0749969482422kW,142.4499969482422kW
2023-05-26T00:00:00-04:00 New_York,491.4750061035156kW,79.2249984741211kW,120.69999694824219kW,29.100000381469727kW,64.0250015258789kW,165.8249969482422kW,98.6500015258789kW,75.2750015258789kW,213.27499389648438kW,154.875kW,97.39999389648438kW
2023-05-27T00:00:00-04:00 New_York,451.9750061035156kW,56.974998474121094kW,75.4000015258789kW,28.325000762939453kW,54.20000076293945kW,100.80000305175781kW,79.30000305175781kW,53.45000076293945kW,199.4499969482422kW,108.4749984741211kW,92.7750015258789kW
2023-05-28T00:00:00-04:00 New_York,436.7749938964844kW,58.17499923706055kW,100.9000015258789kW,27.950000762939453kW,53.150001525878906kW,100.44999694824219kW,82.25kW,46.79999923706055kW,182.02499389648438kW,102.625kW,86.30000305175781kW
2023-05-29T00:00:00-04:00 New_York,448.54998779296875kW,59.974998474121094kW,130.60000610351562kW,28.075000762939453kW,62.650001525878906kW,103.7750015258789kW,81.7249984741211kW,56.525001525878906kW,176.0500030517578kW,90.1500015258789kW,93.67500305175781kW
2023-05-30T00:00:00-04:00 New_York,514.2249755859375kW,78.7750015258789kW,145.89999389648438kW,25.75kW,70.80000305175781kW,160.8249969482422kW,102.7750015258789kW,65.25kW,202.85000610351562kW,133.60000610351562kW,97kW
2023-05-31T00:00:00-04:00 New_York,535.4000244140625kW,85kW,149.47500610351562kW,28.25kW,68.2249984741211kW,165.89999389648438kW,96.17500305175781kW,68.0250015258789kW,204.77499389648438kW,123.05000305175781kW,117.4000015258789kW
2023-06-01T00:00:00-04:00 New_York,529.4500122070312kW,77.375kW,156.25kW,26.524999618530273kW,76.5kW,166.25kW,98.92500305175781kW,71.32499694824219kW,201.0749969482422kW,133.5kW,149.9499969482422kW
2023-06-02T00:00:00-04:00 New_York,496.7749938964844kW,70.82499694824219kW,147.39999389648438kW,27.600000381469727kW,67.42500305175781kW,157.0500030517578kW,88.75kW,69.5kW,220.125kW,123.5kW,130.27499389648438kW
2023-06-03T00:00:00-04:00 New_York,412.625kW,63.775001525878906kW,106.75kW,23.350000381469727kW,53.775001525878906kW,136.3249969482422kW,75.3499984741211kW,50.875kW,161.9250030517578kW,94.05000305175781kW,98.55000305175781kW
2023-06-04T00:00:00-04:00 New_York,382.1499938964844kW,58.224998474121094kW,105.4000015258789kW,28.399999618530273kW,49.32499694824219kW,102.4749984741211kW,79.4749984741211kW,47.70000076293945kW,156.1999969482422kW,85.7750015258789kW,87.5250015258789kW
2023-06-05T00:00:00-04:00 New_York,505.25kW,77.8499984741211kW,151.625kW,31.325000762939453kW,66.1500015258789kW,162.6750030517578kW,93.3499984741211kW,66.7249984741211kW,208.8249969482422kW,117.0999984741211kW,92.75kW
2023-06-06T00:00:00-04:00 New_York,571.2999877929688kW,87.2249984741211kW,153.3000030517578kW,33.54999923706055kW,63.224998474121094kW,165.52499389648438kW,98.5250015258789kW,64.05000305175781kW,217.5500030517578kW,118.5kW,109.2750015258789kW
2023-06-07T00:00:00-04:00 New_York,534.5750122070312kW,79.07499694824219kW,147.89999389648438kW,36.20000076293945kW,69.69999694824219kW,177.9250030517578kW,92.0999984741211kW,66.8499984741211kW,220.97500610351562kW,112.94999694824219kW,129.10000610351562kW
2023-06-08T00:00:00-04:00 New_York,562.0999755859375kW,80.75kW,147.47500610351562kW,32.025001525878906kW,66.02499389648438kW,168.22500610351562kW,111.32499694824219kW,63.75kW,202.8000030517578kW,119.75kW,104.4749984741211kW
2023-06-09T00:00:00-04:00 New_York,505.8500061035156kW,83.17500305175781kW,154.22500610351562kW,31.975000381469727kW,66.94999694824219kW,166.89999389648438kW,100.875kW,68.07499694824219kW,202.02499389648438kW,105.17500305175781kW,110.54999542236328kW
2023-06-10T00:00:00-04:00 New_York,416.7250061035156kW,59.75kW,99.44999694824219kW,28.549999237060547kW,55.5kW,141.14999389648438kW,80.9000015258789kW,51.67499923706055kW,195.6750030517578kW,99.42500305175781kW,87.625kW
2023-06-11T00:00:00-04:00 New_York,412.92498779296875kW,60.92499923706055kW,101.9749984741211kW,27kW,56.30000305175781kW,109.94999694824219kW,76.80000305175781kW,43.650001525878906kW,155.4250030517578kW,92.30000305175781kW,90.80000305175781kW
2023-06-12T00:00:00-04:00 New_York,550.2750244140625kW,74.05000305175781kW,151.4499969482422kW,32.875kW,68.7249984741211kW,177.5749969482422kW,108.9000015258789kW,84.19999694824219kW,223.97500610351562kW,118.6500015258789kW,107.7249984741211kW
2023-06-13T00:00:00-04:00 New_York,560.7999877929688kW,77.7750015258789kW,147.75kW,33.400001525878906kW,70.875kW,166.89999389648438kW,93.2750015258789kW,64.8499984741211kW,230.6750030517578kW,118.875kW,132.3249969482422kW
2023-06-14T00:00:00-04:00 New_York,529.3250122070312kW,78.5999984741211kW,146.6999969482422kW,42.875kW,61.57499694824219kW,184.1750030517578kW,112.07499694824219kW,68.67500305175781kW,228.72500610351562kW,119.57499694824219kW,105.125kW
2023-06-15T00:00:00-04:00 New_York,537.4500122070312kW,73.5999984741211kW,167.6999969482422kW,33.29999923706055kW,67.19999694824219kW,178.77499389648438kW,98.67500305175781kW,65.17500305175781kW,225.125kW,111.1500015258789kW,149.5749969482422kW
2023-06-16T00:00:00-04:00 New_York,493.0249938964844kW,76.32499694824219kW,156.6750030517578kW,36.95000076293945kW,57.125kW,174.35000610351562kW,112.67500305175781kW,64.1500015258789kW,201.4499969482422kW,115.42500305175781kW,134.25kW
2023-06-17T00:00:00-04:00 New_York,417.1499938964844kW,56.125kW,110.1500015258789kW,25.625kW,51.5kW,135.125kW,75.92500305175781kW,46.849998474121094kW,153.10000610351562kW,91.19999694824219kW,86.80000305175781kW
2023-06-18T00:00:00-04:00 New_York,442kW,56.42499923706055kW,110.25kW,25.325000762939453kW,53.32500076293945kW,100.32499694824219kW,73.57499694824219kW,41.625kW,150.3000030517578kW,86.125kW,95.0999984741211kW
2023-06-19T00:00:00-04:00 New_York,466.3999938964844kW,62.04999923706055kW,131.1999969482422kW,27.899999618530273kW,56.875kW,114.5kW,74.1500015258789kW,44.375kW,160.52499389648438kW,88.75kW,91.07499694824219kW
2023-06-20T00:00:00-04:00 New_York,569.9249877929688kW,76.05000305175781kW,158.4250030517578kW,36.400001525878906kW,75.05000305175781kW,169.27499389648438kW,96.4749984741211kW,69.75kW,218.25kW,133.8249969482422kW,127.82499694824219kW
2023-06-21T00:00:00-04:00 New_York,532.5250244140625kW,76.6500015258789kW,152.89999389648438kW,32.54999923706055kW,69.39999389648438kW,174.6999969482422kW,95.30000305175781kW,82.875kW,229kW,131.39999389648438kW,145.5kW
2023-06-22T00:00:00-04:00 New_York,568.6500244140625kW,77.44999694824219kW,161.72500610351562kW,29.75kW,69.92500305175781kW,175.9499969482422kW,103.6500015258789kW,59.57500076293945kW,228.27499389648438kW,131.27499389648438kW,163.52499389648438kW
2023-06-23T00:00:00-04:00 New_York,533.9500122070312kW,78.44999694824219kW,148.39999389648438kW,36.5kW,66.0999984741211kW,172.22500610351562kW,93.55000305175781kW,64.4000015258789kW,210.9499969482422kW,124.625kW,104.8499984741211kW
2023-06-24T00:00:00-04:00 New_York,414.0249938964844kW,55.375kW,105.0999984741211kW,26.799999237060547kW,55.474998474121094kW,136.4499969482422kW,78.0250015258789kW,48.724998474121094kW,189.6750030517578kW,98.9000015258789kW,92.875kW
2023-06-25T00:00:00-04:00 New_York,430.20001220703125kW,57.025001525878906kW,101.42500305175781kW,25.25kW,55.724998474121094kW,125.125kW,93.0250015258789kW,48.224998474121094kW,190.89999389648438kW,94.32499694824219kW,87.4749984741211kW
2023-06-26T00:00:00-04:00 New_York,559.9000244140625kW,77.33333587646484kW,163.39999389648438kW,37.275001525878906kW,68.5kW,172.9250030517578kW,100.5250015258789kW,73.625kW,243.1750030517578kW,135.125kW,99.6500015258789kW
2023-06-27T00:00:00-04:00 New_York,552.25kW,84.32499694824219kW,160.77499389648438kW,31.25kW,66.6500015258789kW,192.22500610351562kW,95.125kW,75.2249984741211kW,243.6999969482422kW,130.02499389648438kW,119.9000015258789kW
2023-06-28T00:00:00-04:00 New_York,584.0999755859375kW,87.875kW,151.60000610351562kW,34.400001525878906kW,68.625kW,176.8249969482422kW,109.2750015258789kW,65.55000305175781kW,219.3000030517578kW,129.8000030517578kW,97.4000015258789kW
2023-06-29T00:00:00-04:00 New_York,577.4749755859375kW,76.17500305175781kW,159.02499389648438kW,26.200000762939453kW,83.625kW,181.89999389648438kW,99.1500015258789kW,60.17499923706055kW,209.39999389648438kW,129.97500610351562kW,124.6500015258789kW
2023-06-30T00:00:00-04:00 New_York,478.07501220703125kW,77.4000015258789kW,144.8000030517578kW,32.29999923706055kW,73.6500015258789kW,174.75kW,88.2750015258789kW,60.724998474121094kW,205.9250030517578kW,120.5250015258789kW,131.1999969482422kW
2023-07-01T00:00:00-04:00 New_York,399.625kW,57.17499923706055kW,100.9000015258789kW,27.075000762939453kW,62.95000076293945kW,139.4250030517578kW,82.57499694824219kW,51.82500076293945kW,162kW,93.75kW,86.32500457763672kW
2023-07-02T00:00:00-04:00 New_York,403.32501220703125kW,57.54999923706055kW,100.625kW,34.45000076293945kW,63.42499923706055kW,108.5250015258789kW,94.125kW,49.125kW,161.4499969482422kW,93.2750015258789kW,87.0999984741211kW
2023-07-03T00:00:00-04:00 New_York,469.2250061035156kW,74.8499984741211kW,153.4499969482422kW,24.725000381469727kW,72.9749984741211kW,157.0500030517578kW,103.75kW,54.625kW,205.0500030517578kW,109.2249984741211kW,102.42500305175781kW
2023-07-04T00:00:00-04:00 New_York,408.3999938964844kW,59.57500076293945kW,123.94999694824219kW,24.899999618530273kW,66.7750015258789kW,106.2750015258789kW,87.9749984741211kW,52.32500076293945kW,167.4250030517578kW,94.30000305175781kW,87.57500457763672kW
2023-07-05T00:00:00-04:00 New_York,505.6000061035156kW,76.55000305175781kW,153.14999389648438kW,25.799999237060547kW,83.55000305175781kW,166.8000030517578kW,102.2750015258789kW,69.2750015258789kW,218.35000610351562kW,136.02499389648438kW,103.7249984741211kW
2023-07-06T00:00:00-04:00 New_York,515.9000244140625kW,73.25kW,156.6999969482422kW,29.700000762939453kW,88.125kW,171.6999969482422kW,101.32499694824219kW,74.375kW,209.14999389648438kW,128.3000030517578kW,106.32499694824219kW
2023-07-07T00:00:00-04:00 New_York,503.92498779296875kW,70.25kW,143.375kW,28.799999237060547kW,85.42500305175781kW,166.8249969482422kW,97.69999694824219kW,73.8499984741211kW,210.4250030517578kW,125.7750015258789kW,102.95000457763672kW
2023-07-08T00:00:00-04:00 New_York,382.75kW,56.25kW,100.07499694824219kW,29.475000381469727kW,68.05000305175781kW,132.0500030517578kW,72.9749984741211kW,54.900001525878906kW,167.125kW,94.80000305175781kW,86.4749984741211kW
2023-07-09T00:00:00-04:00 New_York,422.2749938964844kW,57.025001525878906kW,101.80000305175781kW,26.25kW,69.67500305175781kW,115.05000305175781kW,95.0250015258789kW,54.79999923706055kW,164.1750030517578kW,98.875kW,85.69999694824219kW
2023-07-10T00:00:00-04:00 New_York,533.125kW,81.2249984741211kW,157.1999969482422kW,34.349998474121094kW,91.05000305175781kW,172.1999969482422kW,93.69999694824219kW,69.125kW,215.3249969482422kW,126.55000305175781kW,99.30000305175781kW
2023-07-11T00:00:00-04:00 New_York,520.7000122070312kW,87kW,159.625kW,28.799999237060547kW,79.44999694824219kW,169.9499969482422kW,92.8499984741211kW,71.92500305175781kW,225.875kW,129.5749969482422kW,97.1500015258789kW
2023-07-12T00:00:00-04:00 New_York,530.4249877929688kW,81.2249984741211kW,157kW,33.625kW,83.97500610351562kW,184.9499969482422kW,102.05000305175781kW,85.5999984741211kW,224.64999389648438kW,131.85000610351562kW,96.32499694824219kW
2023-07-13T00:00:00-04:00 New_York,522kW,80.92500305175781kW,157.35000610351562kW,33.724998474121094kW,87.375kW,169.10000610351562kW,107.2249984741211kW,74.4000015258789kW,219.72500610351562kW,135.77499389648438kW,109.7249984741211kW
2023-07-14T00:00:00-04:00 New_York,490.2749938964844kW,84.07499694824219kW,146.10000610351562kW,30.299999237060547kW,74.5kW,159.39999389648438kW,93.75kW,67.5kW,213kW,131.5kW,99.95000457763672kW
2023-07-15T00:00:00-04:00 New_York,398.375kW,54.525001525878906kW,104.0250015258789kW,25.200000762939453kW,58.92500305175781kW,140.52499389648438kW,73.94999694824219kW,52.974998474121094kW,167.39999389648438kW,102.94999694824219kW,87.5250015258789kW
2023-07-16T00:00:00-04:00 New_York,393.7250061035156kW,55.150001525878906kW,101.5250015258789kW,28.625kW,53.099998474121094kW,109.57499694824219kW,85.7750015258789kW,59.45000076293945kW,176.0749969482422kW,98.3499984741211kW,86.07500457763672kW
2023-07-17T00:00:00-04:00 New_York,504.875kW,77.07499694824219kW,162.6750030517578kW,31.024999618530273kW,79.625kW,172.0500030517578kW,98.3499984741211kW,83.69999694824219kW,221.0500030517578kW,141.89999389648438kW,102.57500457763672kW
2023-07-18T00:00:00-04:00 New_York,517.125kW,75.625kW,161.5kW,30.075000762939453kW,79.7750015258789kW,174.9250030517578kW,95.7249984741211kW,76.30000305175781kW,229.64999389648438kW,149.25kW,144.22499084472656kW
2023-07-19T00:00:00-04:00 New_York,510.1499938964844kW,82.5250015258789kW,146.14999389648438kW,31.5kW,69.67500305175781kW,177.60000610351562kW,105.80000305175781kW,69.55000305175781kW,238.3000030517578kW,143.625kW,107.125kW
2023-07-20T00:00:00-04:00 New_York,553.5750122070312kW,74.0250015258789kW,148.8249969482422kW,24.625kW,74.44999694824219kW,177.35000610351562kW,95.125kW,86.6500015258789kW,241.25kW,143.89999389648438kW,92.4749984741211kW
2023-07-21T00:00:00-04:00 New_York,487.54998779296875kW,73.2249984741211kW,150.35000610351562kW,26.75kW,72.75kW,164.125kW,96kW,65.9000015258789kW,238.27499389648438kW,138.875kW,100.0250015258789kW
2023-07-22T00:00:00-04:00 New_York,385.7749938964844kW,57.150001525878906kW,101.44999694824219kW,26.274999618530273kW,55.375kW,137.3249969482422kW,78.2750015258789kW,55.474998474121094kW,188.72500610351562kW,96.82499694824219kW,85.92500305175781kW
2023-07-23T00:00:00-04:00 New_York,419.8999938964844kW,53.849998474121094kW,105.0250015258789kW,22.899999618530273kW,61.26667022705078kW,100.80000305175781kW,76.375kW,48.599998474121094kW,191.3000030517578kW,94.30000305175781kW,90.0999984741211kW
2023-07-24T00:00:00-04:00 New_York,544.3499755859375kW,75.67500305175781kW,160.72500610351562kW,34.025001525878906kW,64.8499984741211kW,171.1999969482422kW,97.5250015258789kW,74.05000305175781kW,232.52499389648438kW,151.97500610351562kW,100.44999694824219kW
2023-07-25T00:00:00-04:00 New_York,525.2750244140625kW,79.2249984741211kW,150.0500030517578kW,33.92499923706055kW,64.7249984741211kW,173.5500030517578kW,95.4000015258789kW,74.75kW,251.1750030517578kW,135.77499389648438kW,93.09166717529297kW
2023-07-26T00:00:00-04:00 New_York,535.7999877929688kW,75.07499694824219kW,156.52499389648438kW,28.700000762939453kW,63.97500228881836kW,175.97500610351562kW,96.69999694824219kW,79.05000305175781kW,241.77499389648438kW,152.85000610351562kW,132.6750030517578kW
2023-07-27T00:00:00-04:00 New_York,518.0999755859375kW,75.125kW,150.6750030517578kW,31.975000381469727kW,67.30000305175781kW,168.1999969482422kW,100kW,73.05000305175781kW,240.53334045410156kW,138.75kW,109.80000305175781kW
2023-07-28T00:00:00-04:00 New_York,498.5249938964844kW,73.125kW,155.6999969482422kW,35.54999923706055kW,66.75kW,173.5749969482422kW,94.2249984741211kW,75.9000015258789kW,235.875kW,145.14999389648438kW,100.9000015258789kW
2023-07-29T00:00:00-04:00 New_York,393.3999938964844kW,54.650001525878906kW,102.80000305175781kW,35.025001525878906kW,54.849998474121094kW,135.39999389648438kW,104.5250015258789kW,56.75kW,194.5500030517578kW,100.125kW,87.5kW
2023-07-30T00:00:00-04:00 New_York,378.125kW,57.5kW,128.8249969482422kW,24.625kW,51.42499923706055kW,99.69999694824219kW,79.07499694824219kW,52.17499923706055kW,183.39999389648438kW,98.2750015258789kW,87.04999542236328kW
2023-07-31T00:00:00-04:00 New_York,491.3999938964844kW,83.875kW,160.47500610351562kW,27kW,70.8499984741211kW,165.27499389648438kW,95.625kW,67.6500015258789kW,223.3249969482422kW,137.25kW,119.125kW
2023-08-01T00:00:00-04:00 New_York,489.9750061035156kW,78.7750015258789kW,162.5749969482422kW,34.525001525878906kW,66.0250015258789kW,161.3249969482422kW,99.625kW,67.9749984741211kW,216.6999969482422kW,140.125kW,141.47499084472656kW
2023-08-02T00:00:00-04:00 New_York,512.3250122070312kW,77.92500305175781kW,169.0749969482422kW,25.450000762939453kW,64.7750015258789kW,163.625kW,100.94999694824219kW,73.25kW,224.89999389648438kW,121.625kW,136.875kW
2023-08-03T00:00:00-04:00 New_York,559.0499877929688kW,70.5kW,158.14999389648438kW,30.174999237060547kW,70.25kW,172.77499389648438kW,101.57499694824219kW,64.3499984741211kW,220.0500030517578kW,143.1750030517578kW,156.1750030517578kW
2023-08-04T00:00:00-04:00 New_York,498.82501220703125kW,68.4000015258789kW,157.8249969482422kW,34.474998474121094kW,68.5kW,164.35000610351562kW,91.0250015258789kW,65.625kW,212.52499389648438kW,133.25kW,179.27500915527344kW
2023-08-05T00:00:00-04:00 New_York,394.5249938964844kW,54.233333587646484kW,125.75kW,28.200000762939453kW,53.849998474121094kW,134.6999969482422kW,76.80000305175781kW,46.95000076293945kW,176.97500610351562kW,105.55000305175781kW,86.44999694824219kW
2023-08-06T00:00:00-04:00 New_York,393.1000061035156kW,54.57500076293945kW,109.25kW,22.950000762939453kW,55.099998474121094kW,109.75kW,82.69999694824219kW,47.29999923706055kW,171.0749969482422kW,109.82499694824219kW,88.7750015258789kW
2023-08-07T00:00:00-04:00 New_York,517.9749755859375kW,75.69999694824219kW,154.1999969482422kW,30.450000762939453kW,62.94999694824219kW,169.0749969482422kW,100.67500305175781kW,70.30000305175781kW,224.35000610351562kW,153.0749969482422kW,154.35000610351562kW
2023-08-08T00:00:00-04:00 New_York,521.875kW,73.8499984741211kW,155.14999389648438kW,33.525001525878906kW,66.85000610351562kW,171.4250030517578kW,107.5999984741211kW,69kW,234.1750030517578kW,146.89999389648438kW,160.77499389648438kW
2023-08-09T00:00:00-04:00 New_York,519.875kW,78.44999694824219kW,156.47500610351562kW,30.600000381469727kW,67.30000305175781kW,162.4250030517578kW,95.2750015258789kW,58.5kW,217.27499389648438kW,131.1750030517578kW,145.5500030517578kW
2023-08-10T00:00:00-04:00 New_York,522.625kW,76.375kW,163.4499969482422kW,33.42499923706055kW,64.125kW,171.875kW,114.375kW,59.349998474121094kW,208.125kW,138.1750030517578kW,140.72500610351562kW
2023-08-11T00:00:00-04:00 New_York,466.875kW,70.9749984741211kW,150.75kW,33.775001525878906kW,62.150001525878906kW,146.02499389648438kW,90.6500015258789kW,55.79999923706055kW,193.9250030517578kW,134.9499969482422kW,143.27499389648438kW
2023-08-12T00:00:00-04:00 New_York,392.6000061035156kW,53.67499923706055kW,104.55000305175781kW,22.850000381469727kW,53.125kW,113.5250015258789kW,86.94999694824219kW,45kW,193.5500030517578kW,100.6500015258789kW,86.1500015258789kW
2023-08-13T00:00:00-04:00 New_York,409.375kW,55.275001525878906kW,112.5kW,23.274999618530273kW,53.849998474121094kW,113.1500015258789kW,78.8499984741211kW,47.67499923706055kW,185.9499969482422kW,106.32499694824219kW,88.875kW
2023-08-14T00:00:00-04:00 New_York,486.20001220703125kW,76.5kW,159.125kW,39.375kW,67.69999694824219kW,168.52499389648438kW,103.7249984741211kW,72.17500305175781kW,238.9499969482422kW,149.3249969482422kW,117.0999984741211kW
2023-08-15T00:00:00-04:00 New_York,519.375kW,80.375kW,167.3249969482422kW,35.775001525878906kW,66.7249984741211kW,168.25kW,103.44999694824219kW,69.4749984741211kW,215.1750030517578kW,149.52499389648438kW,130.125kW
2023-08-16T00:00:00-04:00 New_York,482.67498779296875kW,83.7750015258789kW,158.02499389648438kW,25.174999237060547kW,66.57499694824219kW,172.375kW,106.6500015258789kW,67.67500305175781kW,222.1999969482422kW,153.4499969482422kW,120.17499542236328kW
2023-08-17T00:00:00-04:00 New_York,547kW,81.375kW,158.125kW,31.174999237060547kW,72.2750015258789kW,173.5500030517578kW,100.69999694824219kW,81.6500015258789kW,236.10000610351562kW,156.5500030517578kW,142.75kW
2023-08-18T00:00:00-04:00 New_York,515.4249877929688kW,79.0250015258789kW,165.8249969482422kW,29.625kW,64.5999984741211kW,164.22500610351562kW,99.25kW,75.94999694824219kW,231.125kW,145kW,92.3499984741211kW
2023-08-19T00:00:00-04:00 New_York,395.07501220703125kW,56.724998474121094kW,110.0250015258789kW,18.875kW,54.349998474121094kW,144.6750030517578kW,82.5kW,44.400001525878906kW,185.14999389648438kW,95.1500015258789kW,84.80000305175781kW
2023-08-20T00:00:00-04:00 New_York,396.32501220703125kW,57.525001525878906kW,113.5250015258789kW,21.549999237060547kW,55.97500228881836kW,139.25kW,83.8499984741211kW,43.599998474121094kW,181.4250030517578kW,111.3499984741211kW,89.5250015258789kW
2023-08-21T00:00:00-04:00 New_York,572.3499755859375kW,97.25kW,195.85000610351562kW,37.275001525878906kW,77.80000305175781kW,188.5500030517578kW,128.10000610351562kW,75.3499984741211kW,286.8999938964844kW,162.3249969482422kW,105.17499542236328kW
2023-08-22T00:00:00-04:00 New_York,566.4000244140625kW,91.0999984741211kW,202.875kW,38.625kW,72.60000610351562kW,183.10000610351562kW,124.55000305175781kW,84.67500305175781kW,279.79998779296875kW,169.25kW,107.4749984741211kW
2023-08-23T00:00:00-04:00 New_York,561.4249877929688kW,97.57499694824219kW,190.22500610351562kW,40.32500076293945kW,78.07499694824219kW,191.0749969482422kW,125.8499984741211kW,81.9749984741211kW,287.67498779296875kW,173.4499969482422kW,109.57499694824219kW
2023-08-24T00:00:00-04:00 New_York,546.8499755859375kW,96.2750015258789kW,191.375kW,40.70000076293945kW,74.05000305175781kW,195.9250030517578kW,132.02499389648438kW,83.19999694824219kW,288.5249938964844kW,175.375kW,165.5500030517578kW
2023-08-25T00:00:00-04:00 New_York,520.1500244140625kW,90.80000305175781kW,179.5500030517578kW,42.974998474121094kW,73.69999694824219kW,191.89999389648438kW,117.0250015258789kW,83.9749984741211kW,282.5kW,170.25kW,148.72500610351562kW
2023-08-26T00:00:00-04:00 New_York,407.67498779296875kW,51.275001525878906kW,109.42500305175781kW,28.475000381469727kW,57.57500076293945kW,147.4499969482422kW,82.6500015258789kW,48.07500076293945kW,187.1999969482422kW,126.4000015258789kW,98.0250015258789kW
2023-08-27T00:00:00-04:00 New_York,393.70001220703125kW,66.4000015258789kW,111.375kW,39.29999923706055kW,52.57500076293945kW,153.0749969482422kW,84kW,45.875kW,187.72500610351562kW,137.5500030517578kW,89.94999694824219kW
2023-08-28T00:00:00-04:00 New_York,538.1500244140625kW,93.32499694824219kW,198.9499969482422kW,38.974998474121094kW,81.10000610351562kW,196.9499969482422kW,150.875kW,73.80000305175781kW,285.2749938964844kW,190.22500610351562kW,97.7249984741211kW
2023-08-29T00:00:00-04:00 New_York,532.5499877929688kW,93.7249984741211kW,197.27499389648438kW,45.125kW,74.30000305175781kW,199.4250030517578kW,132.1750030517578kW,94.75kW,296.25kW,174.72500610351562kW,112.42499542236328kW
2023-08-30T00:00:00-04:00 New_York,536.3250122070312kW,95.375kW,183.35000610351562kW,49.79999923706055kW,74.7750015258789kW,189.875kW,125.625kW,85.57499694824219kW,274.7250061035156kW,170.1750030517578kW,142.3000030517578kW
2023-08-31T00:00:00-04:00 New_York,532.625kW,93.2249984741211kW,186.8249969482422kW,43.79999923706055kW,75.89999389648438kW,197.4250030517578kW,126.94999694824219kW,76.42500305175781kW,267.75kW,164.77499389648438kW,148.35000610351562kW
2023-09-01T00:00:00-04:00 New_York,511.6499938964844kW,91.375kW,163.875kW,39.875kW,70.19999694824219kW,179.0500030517578kW,134.3249969482422kW,66.92500305175781kW,250.02499389648438kW,161.9250030517578kW,162.14999389648438kW
2023-09-02T00:00:00-04:00 New_York,396.75kW,58.974998474121094kW,114.125kW,28.75kW,56kW,136.3249969482422kW,87.80000305175781kW,54.95000076293945kW,173.52499389648438kW,125.9749984741211kW,88.6500015258789kW
2023-09-03T00:00:00-04:00 New_York,423.92498779296875kW,67kW,109.82499694824219kW,29.475000381469727kW,59.29999923706055kW,132.375kW,82.9749984741211kW,50kW,172.5kW,149.39999389648438kW,100.875kW
2023-09-04T00:00:00-04:00 New_York,490.2749938964844kW,68.5kW,129.25kW,26.975000381469727kW,57.32500076293945kW,105.9749984741211kW,91.42500305175781kW,50.42499923706055kW,181.5500030517578kW,129.125kW,99.4000015258789kW
2023-09-05T00:00:00-04:00 New_York,550.25kW,94.0250015258789kW,191.125kW,46.45000076293945kW,79.4749984741211kW,197.6750030517578kW,131.52499389648438kW,81.07499694824219kW,293.20001220703125kW,198.97500610351562kW,125.07499694824219kW
2023-09-06T00:00:00-04:00 New_York,545.0250244140625kW,92.5999984741211kW,191.10000610351562kW,46.275001525878906kW,82.2750015258789kW,196.625kW,132.35000610351562kW,80.8499984741211kW,286.70001220703125kW,195.25kW,182.75kW
2023-09-07T00:00:00-04:00 New_York,591.7750244140625kW,98.875kW,185.125kW,44.5kW,74.69999694824219kW,199.89999389648438kW,134.5749969482422kW,78.9749984741211kW,291.875kW,197.97500610351562kW,181.125kW
2023-09-08T00:00:00-04:00 New_York,602.4749755859375kW,90.82499694824219kW,168.89999389648438kW,47.5kW,79.8499984741211kW,182.89999389648438kW,116.82499694824219kW,73.9000015258789kW,294.6000061035156kW,169.5749969482422kW,156.125kW
2023-09-09T00:00:00-04:00 New_York,400.6499938964844kW,47.54999923706055kW,116.6500015258789kW,30.549999237060547kW,65.875kW,142.27499389648438kW,97.4000015258789kW,49.025001525878906kW,195.47500610351562kW,130.375kW,91.625kW
2023-09-10T00:00:00-04:00 New_York,410.32501220703125kW,54.900001525878906kW,129.5749969482422kW,33.625kW,62.77499771118164kW,147.5749969482422kW,98.7249984741211kW,50.92499923706055kW,203.6750030517578kW,159.6999969482422kW,94.0999984741211kW
2023-09-11T00:00:00-04:00 New_York,587.7999877929688kW,94.625kW,191.27499389648438kW,45.775001525878906kW,80.55000305175781kW,191.0749969482422kW,127.82499694824219kW,84.5999984741211kW,288.42498779296875kW,179.3000030517578kW,168.875kW
2023-09-12T00:00:00-04:00 New_York,556.0750122070312kW,90.0250015258789kW,192.39999389648438kW,41.45000076293945kW,92.44999694824219kW,192kW,120.9000015258789kW,80.82499694824219kW,285.32501220703125kW,185.5500030517578kW,158.60000610351562kW
2023-09-13T00:00:00-04:00 New_York,530.9749755859375kW,99.7750015258789kW,189.02499389648438kW,41.25kW,83.05000305175781kW,192.64999389648438kW,131.97500610351562kW,75.07499694824219kW,278.95001220703125kW,185.72500610351562kW,137.3249969482422kW
2023-09-14T00:00:00-04:00 New_York,604.8250122070312kW,94.19999694824219kW,190.5749969482422kW,53.75kW,84.17500305175781kW,201.25kW,132.85000610351562kW,73.375kW,281.1499938964844kW,184.875kW,166.85000610351562kW
2023-09-15T00:00:00-04:00 New_York,524.0999755859375kW,90.1500015258789kW,170.5749969482422kW,40.125kW,83.4000015258789kW,189.625kW,126.8499984741211kW,70.55000305175781kW,263.75kW,180.1750030517578kW,131.6999969482422kW
2023-09-16T00:00:00-04:00 New_York,418.75kW,47.75kW,118.7249984741211kW,33.125kW,52.45000076293945kW,141.6750030517578kW,81.7750015258789kW,48.099998474121094kW,178.6999969482422kW,113.55000305175781kW,88.4749984741211kW
2023-09-17T00:00:00-04:00 New_York,410.3500061035156kW,55.54999923706055kW,106.80000305175781kW,33.54999923706055kW,50.75kW,147.1750030517578kW,105.0999984741211kW,44.25kW,174.0500030517578kW,142.75kW,95.95000457763672kW
2023-09-18T00:00:00-04:00 New_York,579.7000122070312kW,101.7750015258789kW,190.27499389648438kW,43.79999923706055kW,69.375kW,181.5500030517578kW,121.5kW,75.2750015258789kW,284.0249938964844kW,182.0749969482422kW,161.77499389648438kW
2023-09-19T00:00:00-04:00 New_York,559.25kW,93.44999694824219kW,189.875kW,42.45000076293945kW,81.5kW,189.02499389648438kW,124.8499984741211kW,69.69999694824219kW,294.92498779296875kW,178.0500030517578kW,129.5500030517578kW
2023-09-20T00:00:00-04:00 New_York,573.7249755859375kW,95.1500015258789kW,189.1999969482422kW,49.974998474121094kW,66.57499694824219kW,186.1750030517578kW,121.80000305175781kW,77.8499984741211kW,263.9750061035156kW,169.47500610351562kW,99.875kW
2023-09-21T00:00:00-04:00 New_York,592.9249877929688kW,98.82499694824219kW,188.4250030517578kW,44.775001525878906kW,72.57499694824219kW,194.1750030517578kW,119.32499694824219kW,79.5250015258789kW,283.375kW,181.5749969482422kW,97.875kW
2023-09-22T00:00:00-04:00 New_York,541.9500122070312kW,94.30000305175781kW,177.5749969482422kW,39.775001525878906kW,72.52499389648438kW,190.25kW,112kW,65.57499694824219kW,249.1999969482422kW,169.625kW,111.25kW
2023-09-23T00:00:00-04:00 New_York,427.7749938964844kW,52.775001525878906kW,117.2750015258789kW,32.70000076293945kW,54.29999923706055kW,143.64999389648438kW,108.92500305175781kW,45.625kW,187.6999969482422kW,124.125kW,92.69999694824219kW
2023-09-24T00:00:00-04:00 New_York,425.4750061035156kW,59.724998474121094kW,124.30000305175781kW,32.67499923706055kW,53.5kW,141.77499389648438kW,103.75kW,45.54999923706055kW,191.5500030517578kW,152.35000610351562kW,83.0999984741211kW
2023-09-25T00:00:00-04:00 New_York,581.5499877929688kW,91.5999984741211kW,190.0749969482422kW,46.599998474121094kW,74.94999694824219kW,197.52499389648438kW,138.625kW,78.5999984741211kW,277.1499938964844kW,170.875kW,133.3249969482422kW
2023-09-26T00:00:00-04:00 New_York,545.5999755859375kW,96.30000305175781kW,202.5kW,40.82500076293945kW,82.44999694824219kW,192.64999389648438kW,136.4499969482422kW,86.375kW,276.0249938964844kW,170.9499969482422kW,119.97500610351562kW
2023-09-27T00:00:00-04:00 New_York,552.6500244140625kW,100.25kW,185.0500030517578kW,40.875kW,79.60000610351562kW,187.9499969482422kW,115.94999694824219kW,65.2249984741211kW,278.20001220703125kW,172.47500610351562kW,141.6750030517578kW
2023-09-28T00:00:00-04:00 New_York,582.6749877929688kW,98.55000305175781kW,192.35000610351562kW,50.525001525878906kW,85.17500305175781kW,190.9499969482422kW,118.5kW,62.150001525878906kW,278.9750061035156kW,177.89999389648438kW,93.875kW
2023-09-29T00:00:00-04:00 New_York,529.1500244140625kW,90kW,169.52499389648438kW,41.82500076293945kW,82.82499694824219kW,188.10000610351562kW,112.82499694824219kW,61.650001525878906kW,267.5249938964844kW,172.60000610351562kW,167.64999389648438kW
2023-09-30T00:00:00-04:00 New_York,416.8500061035156kW,54.099998474121094kW,125.375kW,32.42499923706055kW,67.9000015258789kW,140.85000610351562kW,85.9749984741211kW,45.724998474121094kW,199.10000610351562kW,131.8249969482422kW,80.7750015258789kW
2023-10-01T00:00:00-04:00 New_York,395.625kW,55.474998474121094kW,111.69999694824219kW,33.17499923706055kW,67.32499694824219kW,144.5kW,89.05000305175781kW,47.400001525878906kW,201.25kW,175.02499389648438kW,85.1500015258789kW
2023-10-02T00:00:00-04:00 New_York,554.6749877929688kW,96.9749984741211kW,199.60000610351562kW,36.75kW,90.80000305175781kW,184.625kW,116.44999694824219kW,62.400001525878906kW,274.04998779296875kW,202.125kW,104.02499389648438kW
2023-10-03T00:00:00-04:00 New_York,581.6749877929688kW,93.625kW,209.8000030517578kW,41.54999923706055kW,87.07499694824219kW,196.5kW,122.05000305175781kW,77.55000305175781kW,291.04998779296875kW,190.60000610351562kW,128.4499969482422kW
2023-10-04T00:00:00-04:00 New_York,575.75kW,92.8499984741211kW,187.875kW,40.57500076293945kW,89.92500305175781kW,196.77499389648438kW,123.07499694824219kW,77.1500015258789kW,288.3500061035156kW,196.25kW,112.80000305175781kW
2023-10-05T00:00:00-04:00 New_York,572.5999755859375kW,92.80000305175781kW,188.5749969482422kW,49.07500076293945kW,70.2249984741211kW,190.27499389648438kW,119.80000305175781kW,95.19999694824219kW,281.375kW,180.8000030517578kW,99kW
2023-10-06T00:00:00-04:00 New_York,507.42498779296875kW,92.0999984741211kW,161.22500610351562kW,42.375kW,76.52499389648438kW,191.1750030517578kW,117.82499694824219kW,67.0250015258789kW,259.1000061035156kW,170.9250030517578kW,167.39999389648438kW
2023-10-07T00:00:00-04:00 New_York,414.20001220703125kW,54.54999923706055kW,112kW,34.224998474121094kW,63.69999694824219kW,141.3000030517578kW,107.30000305175781kW,46.07500076293945kW,201.375kW,111.94999694824219kW,80.0250015258789kW
2023-10-08T00:00:00-04:00 New_York,407.6000061035156kW,61.349998474121094kW,103.25kW,33.20000076293945kW,63.32499694824219kW,108.55000305175781kW,83.82499694824219kW,45.45000076293945kW,199.47500610351562kW,101.82499694824219kW,76.4749984741211kW
2023-10-09T00:00:00-04:00 New_York,557.3250122070312kW,82.44999694824219kW,155.1750030517578kW,39.849998474121094kW,69.0999984741211kW,174.3000030517578kW,90.0250015258789kW,54.07500076293945kW,246.0749969482422kW,128.375kW,120.80000305175781kW
2023-10-10T00:00:00-04:00 New_York,512.875kW,81.4749984741211kW,136.85000610351562kW,45.025001525878906kW,74.17500305175781kW,178.25kW,100.8499984741211kW,63.07500076293945kW,247.77499389648438kW,146.85000610351562kW,131.9499969482422kW
2023-10-11T00:00:00-04:00 New_York,558.5499877929688kW,103.3499984741211kW,192.125kW,49.099998474121094kW,83.9000015258789kW,197.6750030517578kW,118.875kW,75.875kW,257.1000061035156kW,168.625kW,97.4000015258789kW
2023-10-12T00:00:00-04:00 New_York,582.75kW,95.30000305175781kW,188.97500610351562kW,43.75kW,84.375kW,191.4250030517578kW,124.92500305175781kW,74.30000305175781kW,269.92498779296875kW,171.97500610351562kW,122.7750015258789kW
2023-10-13T00:00:00-04:00 New_York,530.2333374023438kW,97.23332977294922kW,165.8333282470703kW,40.29999923706055kW,85.17500305175781kW,184.6666717529297kW,107.53333282470703kW,60.150001525878906kW,255.86666870117188kW,159.4499969482422kW,87.8499984741211kW
2023-10-14T00:00:00-04:00 New_York,417.04998779296875kW,52.900001525878906kW,113.67500305175781kW,36.5kW,56.099998474121094kW,140.625kW,116.19999694824219kW,51.525001525878906kW,191.625kW,140.27499389648438kW,73.875kW
2023-10-15T00:00:00-04:00 New_York,407.67498779296875kW,72.57499694824219kW,110.5250015258789kW,40.54999923706055kW,55kW,147.6750030517578kW,101.875kW,55.150001525878906kW,201.625kW,165.10000610351562kW,78.3499984741211kW
2023-10-16T00:00:00-04:00 New_York,565.3499755859375kW,100.5250015258789kW,193.375kW,46.900001525878906kW,81.5kW,188.9499969482422kW,143.1999969482422kW,98.05000305175781kW,282.6499938964844kW,187.10000610351562kW,117.17500305175781kW
2023-10-17T00:00:00-04:00 New_York,563.0250244140625kW,100.7750015258789kW,193.0500030517578kW,47.625kW,76.57499694824219kW,188.35000610351562kW,127.125kW,74.125kW,275.7250061035156kW,197.25kW,146.89999389648438kW
2023-10-18T00:00:00-04:00 New_York,519.75kW,97.82499694824219kW,195.4250030517578kW,44.5kW,67.02499389648438kW,186.47500610351562kW,123.5kW,78.5999984741211kW,257.8999938964844kW,179.72500610351562kW,137.375kW
2023-10-19T00:00:00-04:00 New_York,564.0999755859375kW,97.67500305175781kW,183.02499389648438kW,40.92499923706055kW,78.7249984741211kW,188.9250030517578kW,122.125kW,73.875kW,267.79998779296875kW,182.5749969482422kW,103.61666870117188kW
2023-10-20T00:00:00-04:00 New_York,512.7999877929688kW,93.05000305175781kW,180.39999389648438kW,44.275001525878906kW,71.30000305175781kW,186kW,119.7249984741211kW,77.125kW,252.25kW,175.72500610351562kW,161.14999389648438kW
2023-10-21T00:00:00-04:00 New_York,442.6000061035156kW,60.45000076293945kW,113.82499694824219kW,36.349998474121094kW,54.25kW,137.72500610351562kW,101.75kW,53.29999923706055kW,174.9250030517578kW,123.9749984741211kW,83.5kW
2023-10-22T00:00:00-04:00 New_York,430.54998779296875kW,67.80000305175781kW,115.32499694824219kW,39.849998474121094kW,55.625kW,133.47500610351562kW,121.32499694824219kW,47.875kW,186.89999389648438kW,148.9499969482422kW,74.75kW
2023-10-23T00:00:00-04:00 New_York,564.0750122070312kW,94.42500305175781kW,183.4499969482422kW,45.92499923706055kW,81.67500305175781kW,175.14999389648438kW,124.125kW,83.69999694824219kW,269.17498779296875kW,188.25kW,149.8000030517578kW
2023-10-24T00:00:00-04:00 New_York,545.2000122070312kW,92.42500305175781kW,181.375kW,42.32500076293945kW,85.32499694824219kW,192.02499389648438kW,121.375kW,77.4749984741211kW,258.8999938964844kW,184.6999969482422kW,110.19999694824219kW
2023-10-25T00:00:00-04:00 New_York,563.9249877929688kW,98.80000305175781kW,185.27499389648438kW,49.29999923706055kW,76.4000015258789kW,185.85000610351562kW,117.67500305175781kW,76.07499694824219kW,261.70001220703125kW,192.02499389648438kW,101.125kW
2023-10-26T00:00:00-04:00 New_York,580.4749755859375kW,96.05000305175781kW,188.27499389648438kW,46.025001525878906kW,98.72500610351562kW,185.85000610351562kW,125.2750015258789kW,78.5kW,264.5kW,188.60000610351562kW,160.89999389648438kW
2023-10-27T00:00:00-04:00 New_York,533.75kW,93.92500305175781kW,179.25kW,49.474998474121094kW,100.32499694824219kW,179.14999389648438kW,115.0250015258789kW,68.82499694824219kW,262.04998779296875kW,186.125kW,155.6999969482422kW
2023-10-28T00:00:00-04:00 New_York,428.6499938964844kW,60.75kW,125.44999694824219kW,39.79999923706055kW,71.05000305175781kW,143.875kW,96.6500015258789kW,53.349998474121094kW,170.9499969482422kW,128.8000030517578kW,82.70000457763672kW
2023-10-29T00:00:00-04:00 New_York,428.32501220703125kW,63.95000076293945kW,110.1500015258789kW,40.82500076293945kW,71.30000305175781kW,143.0749969482422kW,118.19999694824219kW,46.625kW,180.9250030517578kW,170.0500030517578kW,82.05000305175781kW
2023-10-30T00:00:00-04:00 New_York,588.3250122070312kW,103.55000305175781kW,185.75kW,49.42499923706055kW,88.07499694824219kW,190.02499389648438kW,158.8000030517578kW,74.05000305175781kW,267.0249938964844kW,211.85000610351562kW,134.97500610351562kW
2023-10-31T00:00:00-04:00 New_York,578.1749877929688kW,98.69999694824219kW,168.1999969482422kW,41.95000076293945kW,91.94999694824219kW,188.77499389648438kW,124.32499694824219kW,78kW,275.70001220703125kW,209.0749969482422kW,122.9749984741211kW
2023-11-01T00:00:00-04:00 New_York,555.2999877929688kW,100.125kW,170.8000030517578kW,59.525001525878906kW,79.69999694824219kW,194.10000610351562kW,142.8000030517578kW,90.1500015258789kW,253.9499969482422kW,212.97500610351562kW,160.5749969482422kW
2023-11-02T00:00:00-04:00 New_York,570.3250122070312kW,96.32499694824219kW,165.5749969482422kW,51.45000076293945kW,80.625kW,188.02499389648438kW,124.0999984741211kW,84.55000305175781kW,264.04998779296875kW,206.0500030517578kW,90.625kW
2023-11-03T00:00:00-04:00 New_York,517.9000244140625kW,78.80000305175781kW,106.875kW,39.525001525878906kW,65.2249984741211kW,126.1500015258789kW,90.44999694824219kW,55.17499923706055kW,227.125kW,127.69999694824219kW,92.94999694824219kW
2023-11-04T00:00:00-04:00 New_York,401.1499938964844kW,54.400001525878906kW,100.1500015258789kW,32.224998474121094kW,55.44999694824219kW,140.10000610351562kW,87.0250015258789kW,59.025001525878906kW,183.10000610351562kW,142.5kW,79.8499984741211kW
2023-11-05T00:00:00-04:00 New_York,401.875kW,67.44999694824219kW,91.82499694824219kW,39.125kW,57.20000076293945kW,145.35000610351562kW,94.19999694824219kW,50.525001525878906kW,193.9250030517578kW,179.25kW,77.2249984741211kW
2023-11-06T00:00:00-05:00 New_York,568.2999877929688kW,96.92500305175781kW,169.14999389648438kW,48kW,74.5999984741211kW,190.47500610351562kW,125.57499694824219kW,93.17500305175781kW,275.0249938964844kW,201.3249969482422kW,117.44999694824219kW
2023-11-07T00:00:00-05:00 New_York,550.75kW,97.7750015258789kW,183.10000610351562kW,50.599998474121094kW,72.82499694824219kW,194.85000610351562kW,122.125kW,97.8499984741211kW,267.82501220703125kW,200.75kW,157.84999084472656kW
2023-11-08T00:00:00-05:00 New_York,513.3499755859375kW,105.07499694824219kW,171.0500030517578kW,51.54999923706055kW,76.57499694824219kW,191.1750030517578kW,130.8000030517578kW,74kW,260.5249938964844kW,202.77499389648438kW,163.375kW
2023-11-09T00:00:00-05:00 New_York,572.7750244140625kW,100.5999984741211kW,167.125kW,48.025001525878906kW,89.125kW,197.1999969482422kW,122.5250015258789kW,78.9749984741211kW,277.70001220703125kW,205.875kW,93.375kW
2023-11-10T00:00:00-05:00 New_York,528.5499877929688kW,96.32499694824219kW,158kW,48.20000076293945kW,86.3499984741211kW,190.0500030517578kW,120.4000015258789kW,86.44999694824219kW,244.6999969482422kW,207.1750030517578kW,100.32500457763672kW
2023-11-11T00:00:00-05:00 New_York,432.42498779296875kW,53.20000076293945kW,109.94999694824219kW,35.20000076293945kW,57.875kW,149.72500610351562kW,112.80000305175781kW,50.5kW,192.85000610351562kW,159.625kW,76.25kW
2023-11-12T00:00:00-05:00 New_York,418.5249938964844kW,69.44999694824219kW,90.67500305175781kW,37.20000076293945kW,57.25kW,147.6750030517578kW,88.94999694824219kW,49.75kW,192.3000030517578kW,179.1750030517578kW,74.5kW
2023-11-13T00:00:00-05:00 New_York,574kW,106.3499984741211kW,162.8249969482422kW,51.775001525878906kW,84.92500305175781kW,185kW,126.94999694824219kW,72.57499694824219kW,271.20001220703125kW,199.0749969482422kW,96.5999984741211kW
2023-11-14T00:00:00-05:00 New_York,546.7750244140625kW,92.55000305175781kW,168.6999969482422kW,56.82500076293945kW,88.55000305175781kW,192.35000610351562kW,127.7249984741211kW,85.25kW,260.7250061035156kW,192.8249969482422kW,166.9499969482422kW
2023-11-15T00:00:00-05:00 New_York,575.0750122070312kW,99.67500305175781kW,162.625kW,52.724998474121094kW,84.92500305175781kW,189.9250030517578kW,130.8000030517578kW,86.375kW,268.17498779296875kW,189.02499389648438kW,144.1750030517578kW
2023-11-16T00:00:00-05:00 New_York,579.75kW,94.69999694824219kW,160.64999389648438kW,48.32500076293945kW,88.375kW,203.6999969482422kW,120.0250015258789kW,74.1500015258789kW,261.45001220703125kW,195.39999389648438kW,127.5999984741211kW
2023-11-17T00:00:00-05:00 New_York,507.82501220703125kW,98.0999984741211kW,153.4499969482422kW,42.974998474121094kW,86.05000305175781kW,186.3249969482422kW,131.10000610351562kW,79.7249984741211kW,221.5749969482422kW,201.0749969482422kW,177.3000030517578kW
2023-11-18T00:00:00-05:00 New_York,413.4750061035156kW,60.25kW,110.25kW,31.850000381469727kW,69.57499694824219kW,141.375kW,110.4000015258789kW,47.95000076293945kW,163.47500610351562kW,147.14999389648438kW,74.42500305175781kW
2023-11-19T00:00:00-05:00 New_York,422.7749938964844kW,60.25kW,90.2750015258789kW,39.375kW,68.25kW,147.22500610351562kW,85.7249984741211kW,49.32500076293945kW,165.375kW,176.625kW,72.42500305175781kW
2023-11-20T00:00:00-05:00 New_York,535.7000122070312kW,100.7249984741211kW,154.35000610351562kW,41.224998474121094kW,88.3499984741211kW,185.4499969482422kW,123.82499694824219kW,75.69999694824219kW,241.97500610351562kW,212.125kW,155.04998779296875kW
2023-11-21T00:00:00-05:00 New_York,538.8250122070312kW,99.1500015258789kW,158.35000610351562kW,54kW,87.39999389648438kW,182.875kW,142.27499389648438kW,65.30000305175781kW,241.4250030517578kW,202.72500610351562kW,82.19999694824219kW
2023-11-22T00:00:00-05:00 New_York,437.7749938964844kW,77.25kW,120.69999694824219kW,32.375kW,58.650001525878906kW,158.8249969482422kW,101.1500015258789kW,55.349998474121094kW,199.1999969482422kW,129.52499389648438kW,95.8499984741211kW
2023-11-23T00:00:00-05:00 New_York,392.2749938964844kW,64.2750015258789kW,95.82499694824219kW,32.70000076293945kW,53.19999694824219kW,110.82499694824219kW,80.3499984741211kW,46.20000076293945kW,146.1750030517578kW,108.30000305175781kW,76.5250015258789kW
2023-11-24T00:00:00-05:00 New_York,381.95001220703125kW,68.625kW,96.7249984741211kW,34.724998474121094kW,56.974998474121094kW,110.32499694824219kW,81.9000015258789kW,56.92499923706055kW,148.22500610351562kW,116.2750015258789kW,71.42500305175781kW
2023-11-25T00:00:00-05:00 New_York,380.45001220703125kW,63.125kW,83.57499694824219kW,33.17499923706055kW,56.79999923706055kW,108.82499694824219kW,83.8499984741211kW,48.375kW,144.25kW,111.2249984741211kW,74.05000305175781kW
2023-11-26T00:00:00-05:00 New_York,378.1000061035156kW,71.6500015258789kW,83.42500305175781kW,31.700000762939453kW,55.616668701171875kW,137.22500610351562kW,109.25kW,45.07500076293945kW,145.97500610351562kW,149.4499969482422kW,72.79999542236328kW
2023-11-27T00:00:00-05:00 New_York,558.7249755859375kW,102.67500305175781kW,178.14999389648438kW,51.625kW,74.55000305175781kW,185.1999969482422kW,142.52499389648438kW,82.3499984741211kW,256.1499938964844kW,196.4499969482422kW,105.44999694824219kW
2023-11-28T00:00:00-05:00 New_York,548.4500122070312kW,95.4000015258789kW,163.3249969482422kW,50.150001525878906kW,77.30000305175781kW,189.6750030517578kW,130.89999389648438kW,76.375kW,263.7749938964844kW,213.6999969482422kW,141kW
2023-11-29T00:00:00-05:00 New_York,546.1749877929688kW,102.25kW,166.89999389648438kW,49.95000076293945kW,78.69999694824219kW,196.8000030517578kW,130.39999389648438kW,85.6500015258789kW,261.45001220703125kW,203.89999389648438kW,83.72500610351562kW
2023-11-30T00:00:00-05:00 New_York,536.25kW,92.7249984741211kW,172.25kW,52.04999923706055kW,76.25kW,191.8000030517578kW,124.6500015258789kW,108.57499694824219kW,252.10000610351562kW,207.3000030517578kW,120.30000305175781kW
2023-12-01T00:00:00-05:00 New_York,503.07501220703125kW,93.80000305175781kW,153.5kW,47.400001525878906kW,84.55000305175781kW,186.64999389648438kW,147.0500030517578kW,84.0999984741211kW,248.10000610351562kW,206.875kW,173.0500030517578kW
2023-12-02T00:00:00-05:00 New_York,422.07501220703125kW,63.54999923706055kW,97.44999694824219kW,32.125kW,65.375kW,144.25kW,116.2750015258789kW,48.224998474121094kW,174.8249969482422kW,151.5749969482422kW,74.19999694824219kW
2023-12-03T00:00:00-05:00 New_York,412.79998779296875kW,68.67500305175781kW,102.625kW,35.775001525878906kW,71kW,159kW,120.5250015258789kW,52.54999923706055kW,177.8000030517578kW,191.64999389648438kW,74.625kW
2023-12-04T00:00:00-05:00 New_York,543.125kW,95.17500305175781kW,167.9499969482422kW,45.650001525878906kW,86.9000015258789kW,182.27499389648438kW,154.0500030517578kW,85.07499694824219kW,259.82501220703125kW,200.77499389648438kW,201.14999389648438kW
2023-12-05T00:00:00-05:00 New_York,515.125kW,91.4000015258789kW,161.35000610351562kW,46.625kW,80.44999694824219kW,187.625kW,113.0999984741211kW,76.75kW,243.1999969482422kW,209.5500030517578kW,134.6999969482422kW
2023-12-06T00:00:00-05:00 New_York,541.7000122070312kW,97.7249984741211kW,149.625kW,42.974998474121094kW,87.625kW,196.1999969482422kW,114.2750015258789kW,83.0999984741211kW,236.10000610351562kW,191.85000610351562kW,126.97500610351562kW
2023-12-07T00:00:00-05:00 New_York,586.4749755859375kW,86.0250015258789kW,145.0749969482422kW,38.625kW,87.6500015258789kW,188.97500610351562kW,117.625kW,90.92500305175781kW,231.0749969482422kW,179.60000610351562kW,121.5999984741211kW
2023-12-08T00:00:00-05:00 New_York,519.2000122070312kW,82.2249984741211kW,146.75kW,38.650001525878906kW,80.32499694824219kW,184.85000610351562kW,105.0250015258789kW,71.92500305175781kW,229.9499969482422kW,187.02499389648438kW,108.32499694824219kW
2023-12-09T00:00:00-05:00 New_York,378.6000061035156kW,64.82499694824219kW,109.25kW,31.774999618530273kW,75.7249984741211kW,159.97500610351562kW,86.875kW,50.92499923706055kW,178.6999969482422kW,132.89999389648438kW,79.9749984741211kW
2023-12-10T00:00:00-05:00 New_York,391.125kW,65.875kW,107.0999984741211kW,31.75kW,80.4000015258789kW,151.47500610351562kW,120.5999984741211kW,54.349998474121094kW,182.125kW,162.85000610351562kW,74.1500015258789kW
2023-12-11T00:00:00-05:00 New_York,499.375kW,90.375kW,159.64999389648438kW,40.07500076293945kW,95.92500305175781kW,184.9499969482422kW,111.9000015258789kW,75.19999694824219kW,241.3249969482422kW,181.72500610351562kW,129.25kW
2023-12-12T00:00:00-05:00 New_York,468.57501220703125kW,85.7750015258789kW,148.97500610351562kW,42.525001525878906kW,78.27499389648438kW,188.1750030517578kW,107.125kW,72.5kW,222.9250030517578kW,173.9250030517578kW,135.1750030517578kW
2023-12-13T00:00:00-05:00 New_York,453.2749938964844kW,84.6500015258789kW,159.125kW,50.599998474121094kW,82kW,184.625kW,103.05000305175781kW,69kW,231.1750030517578kW,156.0500030517578kW,159.25kW
2023-12-14T00:00:00-05:00 New_York,477.6000061035156kW,83.05000305175781kW,138.25kW,33kW,80.57499694824219kW,186.8249969482422kW,107.5kW,63.67499923706055kW,211.9499969482422kW,143.77499389648438kW,83.2750015258789kW
2023-12-15T00:00:00-05:00 New_York,481.3500061035156kW,79kW,141.0749969482422kW,32.70000076293945kW,76.82499694824219kW,182.3000030517578kW,94.1500015258789kW,69.07499694824219kW,203.52499389648438kW,144.60000610351562kW,132.8249969482422kW
2023-12-16T00:00:00-05:00 New_York,402.42498779296875kW,57.95000076293945kW,99.57499694824219kW,26.700000762939453kW,66.42500305175781kW,140.6999969482422kW,83.67500305175781kW,50.474998474121094kW,144.5749969482422kW,111.19999694824219kW,74.17500305175781kW
2023-12-17T00:00:00-05:00 New_York,365.625kW,55.25kW,89.32499694824219kW,25.299999237060547kW,63.474998474121094kW,113.8499984741211kW,109.19999694824219kW,47.54999923706055kW,146.02499389648438kW,115.5kW,84.29999542236328kW
2023-12-18T00:00:00-05:00 New_York,555.5250244140625kW,84.875kW,139.5500030517578kW,35.75kW,73.19999694824219kW,167.27499389648438kW,116.94999694824219kW,57.625kW,200.375kW,156.9250030517578kW,156.27499389648438kW
2023-12-19T00:00:00-05:00 New_York,499.25kW,81.6500015258789kW,138.4250030517578kW,34.82500076293945kW,65.75kW,167.22500610351562kW,92.3499984741211kW,55.82500076293945kW,200.89999389648438kW,139.02499389648438kW,117.80000305175781kW
2023-12-20T00:00:00-05:00 New_York,506.42498779296875kW,76.9749984741211kW,112.82499694824219kW,37.92499923706055kW,61.25kW,165.6999969482422kW,86.5kW,52.125kW,188.375kW,132.64999389648438kW,124.82499694824219kW
2023-12-21T00:00:00-05:00 New_York,457.95001220703125kW,74.8499984741211kW,130.3000030517578kW,34.400001525878906kW,63.025001525878906kW,164.4250030517578kW,94.2750015258789kW,53.275001525878906kW,188.6999969482422kW,129.375kW,102.4000015258789kW
2023-12-22T00:00:00-05:00 New_York,412.4750061035156kW,62.79999923706055kW,110.25kW,31.325000762939453kW,56.95000076293945kW,152.02499389648438kW,89.57499694824219kW,77.25kW,184.52499389648438kW,117.82499694824219kW,133.10000610351562kW
2023-12-23T00:00:00-05:00 New_York,375.7250061035156kW,55.5kW,82.75kW,24.450000762939453kW,53.974998474121094kW,101.19999694824219kW,103.4749984741211kW,47.099998474121094kW,128.89999389648438kW,88.94999694824219kW,71.4749984741211kW
2023-12-24T00:00:00-05:00 New_York,362.125kW,61.474998474121094kW,77.42500305175781kW,26.825000762939453kW,54.82500076293945kW,85.32499694824219kW,103.69999694824219kW,43.75kW,128.64999389648438kW,89.05000305175781kW,75.875kW
2023-12-25T00:00:00-05:00 New_York,386.32501220703125kW,56.92499923706055kW,80.5kW,24.774999618530273kW,52.875kW,82.5999984741211kW,77.17500305175781kW,43.54999923706055kW,133.3000030517578kW,81.625kW,72.2249984741211kW
2023-12-26T00:00:00-05:00 New_York,379.07501220703125kW,58.724998474121094kW,82.4749984741211kW,24.274999618530273kW,53kW,87.4749984741211kW,83.55000305175781kW,44.775001525878906kW,133.89999389648438kW,94.9000015258789kW,71.94999694824219kW
2023-12-27T00:00:00-05:00 New_York,393.57501220703125kW,58.474998474121094kW,106.80000305175781kW,24.325000762939453kW,57.20000076293945kW,88.4749984741211kW,104.19999694824219kW,44.275001525878906kW,134.10000610351562kW,98.7249984741211kW,81.4000015258789kW
2023-12-28T00:00:00-05:00 New_York,387.7250061035156kW,61.224998474121094kW,105.4749984741211kW,24.450000762939453kW,50.633331298828125kW,87.30000305175781kW,101.625kW,44.57500076293945kW,138.9250030517578kW,102.7249984741211kW,78.125kW
2023-12-29T00:00:00-05:00 New_York,389.95001220703125kW,63.42499923706055kW,103.5250015258789kW,24.049999237060547kW,52.849998474121094kW,90.375kW,103.30000305175781kW,49.974998474121094kW,139.125kW,94.2249984741211kW,78.7750015258789kW
2023-12-30T00:00:00-05:00 New_York,372.75kW,52.900001525878906kW,90.5999984741211kW,25.200000762939453kW,54.25kW,90.94999694824219kW,100.875kW,52.849998474121094kW,131.0749969482422kW,91.875kW,70.1500015258789kW
2023-12-31T00:00:00-05:00 New_York,364.8500061035156kW,48.625kW,82.57499694824219kW,25.5kW,53.724998474121094kW,89.0250015258789kW,76kW,50.900001525878906kW,128.97500610351562kW,84.80000305175781kW,69.44999694824219kW
