ts,BakerLab,NorthCampusHighRise5
2024-01-01T00:00:00-05:00 New_York,260.92498779296875kW,39.5kW
2024-01-02T00:00:00-05:00 New_York,277.95001220703125kW,48.150001525878906kW
2024-01-03T00:00:00-05:00 New_York,288.8500061035156kW,43.45000076293945kW
2024-01-04T00:00:00-05:00 New_York,286.125kW,35.79999923706055kW
2024-01-05T00:00:00-05:00 New_York,293.9000244140625kW,29.424999237060547kW
2024-01-06T00:00:00-05:00 New_York,285.17498779296875kW,29.200000762939453kW
2024-01-07T00:00:00-05:00 New_York,268.3500061035156kW,26.100000381469727kW
2024-01-08T00:00:00-05:00 New_York,314.07501220703125kW,32.025001525878906kW
2024-01-09T00:00:00-05:00 New_York,301.95001220703125kW,32.525001525878906kW
2024-01-10T00:00:00-05:00 New_York,298.2250061035156kW,25.475000381469727kW
2024-01-11T00:00:00-05:00 New_York,311.125kW,28.600000381469727kW
2024-01-12T00:00:00-05:00 New_York,307.45001220703125kW,26.649999618530273kW
2024-01-13T00:00:00-05:00 New_York,290.375kW,27.899999618530273kW
2024-01-14T00:00:00-05:00 New_York,283.25kW,29.600000381469727kW
2024-01-15T00:00:00-05:00 New_York,305.5kW,32.849998474121094kW
2024-01-16T00:00:00-05:00 New_York,307.57501220703125kW,23.225000381469727kW
2024-01-17T00:00:00-05:00 New_York,313.82501220703125kW,25kW
2024-01-18T00:00:00-05:00 New_York,327.7250061035156kW,58.724998474121094kW
2024-01-19T00:00:00-05:00 New_York,303.1000061035156kW,38.75kW
2024-01-20T00:00:00-05:00 New_York,290.8999938964844kW,47.45000076293945kW
2024-01-21T00:00:00-05:00 New_York,276.45001220703125kW,80.19999694824219kW
2024-01-22T00:00:00-05:00 New_York,324.9750061035156kW,103.82499694824219kW
2024-01-23T00:00:00-05:00 New_York,314.8500061035156kW,104.0999984741211kW
2024-01-24T00:00:00-05:00 New_York,320.07501220703125kW,119.4749984741211kW
2024-01-25T00:00:00-05:00 New_York,344.625kW,86.0250015258789kW
2024-01-26T00:00:00-05:00 New_York,327.5kW,95.75kW
2024-01-27T00:00:00-05:00 New_York,282.9750061035156kW,65.42500305175781kW
2024-01-28T00:00:00-05:00 New_York,278.7249755859375kW,108.375kW
2024-01-29T00:00:00-05:00 New_York,361.4000244140625kW,117.1500015258789kW
2024-01-30T00:00:00-05:00 New_York,349.54998779296875kW,92.0250015258789kW
2024-01-31T00:00:00-05:00 New_York,359.8500061035156kW,98.07499694824219kW
2024-02-01T00:00:00-05:00 New_York,370.7249755859375kW,119.0999984741211kW
2024-02-02T00:00:00-05:00 New_York,374.2250061035156kW,100.4000015258789kW
2024-02-03T00:00:00-05:00 New_York,285.07501220703125kW,87.4000015258789kW
2024-02-04T00:00:00-05:00 New_York,275.42498779296875kW,83.25kW
2024-02-05T00:00:00-05:00 New_York,353.42498779296875kW,112.7750015258789kW
2024-02-06T00:00:00-05:00 New_York,350.125kW,97.25kW
2024-02-07T00:00:00-05:00 New_York,341.42498779296875kW,94.44999694824219kW
2024-02-08T00:00:00-05:00 New_York,364.3999938964844kW,120.6500015258789kW
2024-02-09T00:00:00-05:00 New_York,341.3500061035156kW,84.4749984741211kW
2024-02-10T00:00:00-05:00 New_York,276.7750244140625kW,98.25kW
2024-02-11T00:00:00-05:00 New_York,264.07501220703125kW,101.125kW
2024-02-12T00:00:00-05:00 New_York,339.1499938964844kW,88.92500305175781kW
2024-02-13T00:00:00-05:00 New_York,338.9750061035156kW,101.1500015258789kW
2024-02-14T00:00:00-05:00 New_York,346.7749938964844kW,132.52499389648438kW
2024-02-15T00:00:00-05:00 New_York,383.625kW,107.2750015258789kW
2024-02-16T00:00:00-05:00 New_York,354.9000244140625kW,96.4000015258789kW
2024-02-17T00:00:00-05:00 New_York,284.875kW,82.375kW
2024-02-18T00:00:00-05:00 New_York,279.04998779296875kW,119.9000015258789kW
2024-02-19T00:00:00-05:00 New_York,351kW,116.17500305175781kW
2024-02-20T00:00:00-05:00 New_York,349.7250061035156kW,134.35000610351562kW
2024-02-21T00:00:00-05:00 New_York,349.7249755859375kW,93.05000305175781kW
2024-02-22T00:00:00-05:00 New_York,332.20001220703125kW,101.94999694824219kW
2024-02-23T00:00:00-05:00 New_York,336.0250244140625kW,108.2750015258789kW
2024-02-24T00:00:00-05:00 New_York,286.29998779296875kW,79.05000305175781kW
2024-02-25T00:00:00-05:00 New_York,278.375kW,87.2249984741211kW
2024-02-26T00:00:00-05:00 New_York,315.20001220703125kW,62.724998474121094kW
2024-02-27T00:00:00-05:00 New_York,319.04998779296875kW,83.3499984741211kW
2024-02-28T00:00:00-05:00 New_York,292.3499755859375kW,112.3499984741211kW
2024-02-29T00:00:00-05:00 New_York,366.20001220703125kW,85.5kW
2024-03-01T00:00:00-05:00 New_York,364.9749755859375kW,102.0999984741211kW
2024-03-02T00:00:00-05:00 New_York,287.625kW,89.05000305175781kW
2024-03-03T00:00:00-05:00 New_York,278.5999755859375kW,102.0999984741211kW
2024-03-04T00:00:00-05:00 New_York,373.82501220703125kW,109.32499694824219kW
2024-03-05T00:00:00-05:00 New_York,377.17498779296875kW,109.32499694824219kW
2024-03-06T00:00:00-05:00 New_York,350.1500244140625kW,96.42500305175781kW
2024-03-07T00:00:00-05:00 New_York,390.1500244140625kW,107.44999694824219kW
2024-03-08T00:00:00-05:00 New_York,376.75kW,96.4000015258789kW
2024-03-09T00:00:00-05:00 New_York,293.7750244140625kW,94.6500015258789kW
2024-03-10T00:00:00-05:00 New_York,294.54998779296875kW,93.94999694824219kW
2024-03-11T00:00:00-04:00 New_York,365.75kW,97.6500015258789kW
2024-03-12T00:00:00-04:00 New_York,363.125kW,111.5250015258789kW
2024-03-13T00:00:00-04:00 New_York,346.70001220703125kW,125.05000305175781kW
2024-03-14T00:00:00-04:00 New_York,363.4000244140625kW,108.75kW
2024-03-15T00:00:00-04:00 New_York,367.0250244140625kW,81.2249984741211kW
2024-03-16T00:00:00-04:00 New_York,284.32501220703125kW,103.1500015258789kW
2024-03-17T00:00:00-04:00 New_York,282.625kW,108.2750015258789kW
2024-03-18T00:00:00-04:00 New_York,356.0249938964844kW,127.42500305175781kW
2024-03-19T00:00:00-04:00 New_York,360.6500244140625kW,99.875kW
2024-03-20T00:00:00-04:00 New_York,344.79998779296875kW,103.2249984741211kW
2024-03-21T00:00:00-04:00 New_York,369.29998779296875kW,95.2249984741211kW
2024-03-22T00:00:00-04:00 New_York,347.32501220703125kW,79.6500015258789kW
2024-03-23T00:00:00-04:00 New_York,290.07501220703125kW,95.05000305175781kW
2024-03-24T00:00:00-04:00 New_York,283.70001220703125kW,109.875kW
2024-03-25T00:00:00-04:00 New_York,368.29998779296875kW,126.92500305175781kW
2024-03-26T00:00:00-04:00 New_York,363.7250061035156kW,115.5kW
2024-03-27T00:00:00-04:00 New_York,366.625kW,110.44999694824219kW
2024-03-28T00:00:00-04:00 New_York,371.7250061035156kW,78.1500015258789kW
2024-03-29T00:00:00-04:00 New_York,350.20001220703125kW,74.6500015258789kW
2024-03-30T00:00:00-04:00 New_York,294.42498779296875kW,43.099998474121094kW
2024-03-31T00:00:00-04:00 New_York,279.125kW,47.525001525878906kW
2024-04-01T00:00:00-04:00 New_York,312.9000244140625kW,51.125kW
2024-04-02T00:00:00-04:00 New_York,323.4750061035156kW,35.400001525878906kW
2024-04-03T00:00:00-04:00 New_York,325.45001220703125kW,39.099998474121094kW
2024-04-04T00:00:00-04:00 New_York,299.29998779296875kW,37.375kW
2024-04-05T00:00:00-04:00 New_York,311.6000061035156kW,51.650001525878906kW
2024-04-06T00:00:00-04:00 New_York,296kW,81.75kW
2024-04-07T00:00:00-04:00 New_York,263.8500061035156kW,92.69999694824219kW
2024-04-08T00:00:00-04:00 New_York,318.04998779296875kW,71.3499984741211kW
2024-04-09T00:00:00-04:00 New_York,348.3500061035156kW,94.0999984741211kW
2024-04-10T00:00:00-04:00 New_York,340.42498779296875kW,104.5kW
2024-04-11T00:00:00-04:00 New_York,374.75kW,102.32499694824219kW
2024-04-12T00:00:00-04:00 New_York,371.57501220703125kW,77.69999694824219kW
2024-04-13T00:00:00-04:00 New_York,288.45001220703125kW,114.2249984741211kW
2024-04-14T00:00:00-04:00 New_York,293.79998779296875kW,103.32499694824219kW
2024-04-15T00:00:00-04:00 New_York,369.125kW,107kW
2024-04-16T00:00:00-04:00 New_York,370.4749755859375kW,87.0999984741211kW
2024-04-17T00:00:00-04:00 New_York,353.8500061035156kW,77.55000305175781kW
2024-04-18T00:00:00-04:00 New_York,391kW,100.6500015258789kW
2024-04-19T00:00:00-04:00 New_York,353.04998779296875kW,85.9749984741211kW
2024-04-20T00:00:00-04:00 New_York,297.04998779296875kW,100.0250015258789kW
2024-04-21T00:00:00-04:00 New_York,284.32501220703125kW,72.19999694824219kW
2024-04-22T00:00:00-04:00 New_York,366.95001220703125kW,91.32499694824219kW
2024-04-23T00:00:00-04:00 New_York,364.375kW,88.92500305175781kW
2024-04-24T00:00:00-04:00 New_York,375.3499755859375kW,94.5250015258789kW
2024-04-25T00:00:00-04:00 New_York,380.20001220703125kW,103.25kW
2024-04-26T00:00:00-04:00 New_York,370.42498779296875kW,87.2249984741211kW
2024-04-27T00:00:00-04:00 New_York,281.04998779296875kW,90.0250015258789kW
2024-04-28T00:00:00-04:00 New_York,280.4750061035156kW,96.2750015258789kW
2024-04-29T00:00:00-04:00 New_York,369.875kW,101.5999984741211kW
2024-04-30T00:00:00-04:00 New_York,364.6000061035156kW,78.4000015258789kW
2024-05-01T00:00:00-04:00 New_York,363.75kW,95.57499694824219kW
2024-05-02T00:00:00-04:00 New_York,366.3499755859375kW,98.7249984741211kW
2024-05-03T00:00:00-04:00 New_York,344.1000061035156kW,188.97500610351562kW
2024-05-04T00:00:00-04:00 New_York,271.3999938964844kW,107.82499694824219kW
2024-05-05T00:00:00-04:00 New_York,285.1499938964844kW,112.875kW
2024-05-06T00:00:00-04:00 New_York,330.42498779296875kW,105.92500305175781kW
2024-05-07T00:00:00-04:00 New_York,336.625kW,101.375kW
2024-05-08T00:00:00-04:00 New_York,307.875kW,114.94999694824219kW
2024-05-09T00:00:00-04:00 New_York,314.32501220703125kW,79.05000305175781kW
2024-05-10T00:00:00-04:00 New_York,323.4000244140625kW,96.82499694824219kW
2024-05-11T00:00:00-04:00 New_York,286.1500244140625kW,83.05000305175781kW
2024-05-12T00:00:00-04:00 New_York,278.57501220703125kW,74.57499694824219kW
2024-05-13T00:00:00-04:00 New_York,336.04998779296875kW,104.57499694824219kW
2024-05-14T00:00:00-04:00 New_York,324kW,76.4749984741211kW
2024-05-15T00:00:00-04:00 New_York,306.1499938964844kW,74.19999694824219kW
2024-05-16T00:00:00-04:00 New_York,311.4750061035156kW,80.07499694824219kW
2024-05-17T00:00:00-04:00 New_York,302kW,66.44999694824219kW
2024-05-18T00:00:00-04:00 New_York,270.125kW,56.974998474121094kW
2024-05-19T00:00:00-04:00 New_York,271.25kW,45.04999923706055kW
2024-05-20T00:00:00-04:00 New_York,314.2750244140625kW,62.125kW
2024-05-21T00:00:00-04:00 New_York,324.1499938964844kW,52.375kW
2024-05-22T00:00:00-04:00 New_York,305.75kW,48.82500076293945kW
2024-05-23T00:00:00-04:00 New_York,305.29998779296875kW,43.70000076293945kW
2024-05-24T00:00:00-04:00 New_York,295.7749938964844kW,73.0999984741211kW
2024-05-25T00:00:00-04:00 New_York,273.3999938964844kW,82.75kW
2024-05-26T00:00:00-04:00 New_York,279.1000061035156kW,52.07500076293945kW
2024-05-27T00:00:00-04:00 New_York,284.875kW,58kW
2024-05-28T00:00:00-04:00 New_York,329.375kW,43.599998474121094kW
2024-05-29T00:00:00-04:00 New_York,314.7249755859375kW,31.649999618530273kW
2024-05-30T00:00:00-04:00 New_York,324.6000061035156kW,47.099998474121094kW
2024-05-31T00:00:00-04:00 New_York,302.4749755859375kW,35.224998474121094kW
2024-06-01T00:00:00-04:00 New_York,270.29998779296875kW,31.024999618530273kW
2024-06-02T00:00:00-04:00 New_York,260.875kW,37.974998474121094kW
2024-06-03T00:00:00-04:00 New_York,304.7250061035156kW,51.724998474121094kW
2024-06-04T00:00:00-04:00 New_York,323.07501220703125kW,45.125kW
2024-06-05T00:00:00-04:00 New_York,322.79998779296875kW,43.79999923706055kW
2024-06-06T00:00:00-04:00 New_York,305.875kW,65.7750015258789kW
2024-06-07T00:00:00-04:00 New_York,305.42498779296875kW,54.275001525878906kW
2024-06-08T00:00:00-04:00 New_York,283.4749755859375kW,55.70000076293945kW
2024-06-09T00:00:00-04:00 New_York,277.82501220703125kW,68.0999984741211kW
2024-06-10T00:00:00-04:00 New_York,304.5kW,43.599998474121094kW
2024-06-11T00:00:00-04:00 New_York,320.3999938964844kW,40.349998474121094kW
2024-06-12T00:00:00-04:00 New_York,318.79998779296875kW,41.57500076293945kW
2024-06-13T00:00:00-04:00 New_York,326.3500061035156kW,39.599998474121094kW
2024-06-14T00:00:00-04:00 New_York,305.67498779296875kW,54.75kW
2024-06-15T00:00:00-04:00 New_York,273.5999755859375kW,50.125kW
2024-06-16T00:00:00-04:00 New_York,281.04998779296875kW,46.45000076293945kW
2024-06-17T00:00:00-04:00 New_York,325.6499938964844kW,57.650001525878906kW
2024-06-18T00:00:00-04:00 New_York,317.45001220703125kW,60.474998474121094kW
2024-06-19T00:00:00-04:00 New_York,314.7749938964844kW,79.375kW
2024-06-20T00:00:00-04:00 New_York,327.29998779296875kW,84.75kW
2024-06-21T00:00:00-04:00 New_York,341.625kW,63.349998474121094kW
2024-06-22T00:00:00-04:00 New_York,291.875kW,71.5250015258789kW
2024-06-23T00:00:00-04:00 New_York,278.70001220703125kW,55.5kW
2024-06-24T00:00:00-04:00 New_York,325.29998779296875kW,44.45000076293945kW
2024-06-25T00:00:00-04:00 New_York,312.92498779296875kW,59.25kW
2024-06-26T00:00:00-04:00 New_York,312kW,45.150001525878906kW
2024-06-27T00:00:00-04:00 New_York,301.625kW,36.224998474121094kW
2024-06-28T00:00:00-04:00 New_York,296.5kW,31.100000381469727kW
2024-06-29T00:00:00-04:00 New_York,260.7250061035156kW,56.375kW
2024-06-30T00:00:00-04:00 New_York,256.67498779296875kW,46.099998474121094kW
2024-07-01T00:00:00-04:00 New_York,290.2749938964844kW,47.875kW
2024-07-02T00:00:00-04:00 New_York,300.45001220703125kW,48.29999923706055kW
2024-07-03T00:00:00-04:00 New_York,294.07501220703125kW,61.224998474121094kW
2024-07-04T00:00:00-04:00 New_York,269.82501220703125kW,51.45000076293945kW
2024-07-05T00:00:00-04:00 New_York,291.3499755859375kW,56.20000076293945kW
2024-07-06T00:00:00-04:00 New_York,268.7249755859375kW,61.875kW
2024-07-07T00:00:00-04:00 New_York,274.7749938964844kW,74.17500305175781kW
2024-07-08T00:00:00-04:00 New_York,295.625kW,63.224998474121094kW
2024-07-09T00:00:00-04:00 New_York,303.8499755859375kW,61.45000076293945kW
2024-07-10T00:00:00-04:00 New_York,296.95001220703125kW,84.7249984741211kW
2024-07-11T00:00:00-04:00 New_York,308.25kW,41.79999923706055kW
2024-07-12T00:00:00-04:00 New_York,285.67498779296875kW,62.650001525878906kW
2024-07-13T00:00:00-04:00 New_York,262.2250061035156kW,64.5999984741211kW
2024-07-14T00:00:00-04:00 New_York,252.97500610351562kW,68.4749984741211kW
2024-07-15T00:00:00-04:00 New_York,329.29998779296875kW,77kW
2024-07-16T00:00:00-04:00 New_York,311.67498779296875kW,108.0250015258789kW
2024-07-17T00:00:00-04:00 New_York,317.54998779296875kW,78.6500015258789kW
2024-07-18T00:00:00-04:00 New_York,303.92498779296875kW,73.44999694824219kW
2024-07-19T00:00:00-04:00 New_York,302.2249755859375kW,97.57499694824219kW
2024-07-20T00:00:00-04:00 New_York,263.67498779296875kW,106.3499984741211kW
2024-07-21T00:00:00-04:00 New_York,262.25kW,99.69999694824219kW
2024-07-22T00:00:00-04:00 New_York,307.92498779296875kW,80.80000305175781kW
2024-07-23T00:00:00-04:00 New_York,300.54998779296875kW,80.69999694824219kW
2024-07-24T00:00:00-04:00 New_York,319.5249938964844kW,89.625kW
2024-07-25T00:00:00-04:00 New_York,324.9000244140625kW,89.94999694824219kW
2024-07-26T00:00:00-04:00 New_York,294.17498779296875kW,55.20000076293945kW
2024-07-27T00:00:00-04:00 New_York,268.5kW,66.07499694824219kW
2024-07-28T00:00:00-04:00 New_York,265.9749755859375kW,94.2750015258789kW
2024-07-29T00:00:00-04:00 New_York,309.375kW,72.75kW
2024-07-30T00:00:00-04:00 New_York,326.0250244140625kW,71.94999694824219kW
2024-07-31T00:00:00-04:00 New_York,320.25kW,76.5250015258789kW
2024-08-01T00:00:00-04:00 New_York,332.375kW,79.5kW
2024-08-02T00:00:00-04:00 New_York,324.20001220703125kW,58.275001525878906kW
2024-08-03T00:00:00-04:00 New_York,295.7749938964844kW,51.5kW
2024-08-04T00:00:00-04:00 New_York,293.07501220703125kW,64.8499984741211kW
2024-08-05T00:00:00-04:00 New_York,324.20001220703125kW,66.8499984741211kW
2024-08-06T00:00:00-04:00 New_York,295.6499938964844kW,51.20000076293945kW
2024-08-07T00:00:00-04:00 New_York,322.1499938964844kW,51.04999923706055kW
2024-08-08T00:00:00-04:00 New_York,315.7249755859375kW,40.54999923706055kW
2024-08-09T00:00:00-04:00 New_York,302.875kW,53.724998474121094kW
2024-08-10T00:00:00-04:00 New_York,279.2749938964844kW,47.92499923706055kW
2024-08-11T00:00:00-04:00 New_York,279.92498779296875kW,36.275001525878906kW
2024-08-12T00:00:00-04:00 New_York,324.5250244140625kW,45.67499923706055kW
2024-08-13T00:00:00-04:00 New_York,347.57501220703125kW,38.17499923706055kW
2024-08-14T00:00:00-04:00 New_York,337.7749938964844kW,45.400001525878906kW
2024-08-15T00:00:00-04:00 New_York,329.75kW,52.04999923706055kW
2024-08-16T00:00:00-04:00 New_York,332.125kW,49.75kW
2024-08-17T00:00:00-04:00 New_York,293.20001220703125kW,52.70000076293945kW
2024-08-18T00:00:00-04:00 New_York,291.4000244140625kW,61.79999923706055kW
2024-08-19T00:00:00-04:00 New_York,312.42498779296875kW,45.25kW
2024-08-20T00:00:00-04:00 New_York,305.42498779296875kW,38.599998474121094kW
2024-08-21T00:00:00-04:00 New_York,305.5249938964844kW,26.950000762939453kW
2024-08-22T00:00:00-04:00 New_York,316.0999755859375kW,48.20000076293945kW
2024-08-23T00:00:00-04:00 New_York,322.7749938964844kW,67.9000015258789kW
2024-08-24T00:00:00-04:00 New_York,275.54998779296875kW,71.75kW
2024-08-25T00:00:00-04:00 New_York,287.54998779296875kW,85.8499984741211kW
2024-08-26T00:00:00-04:00 New_York,343.3500061035156kW,84.57499694824219kW
2024-08-27T00:00:00-04:00 New_York,338.29998779296875kW,96.05000305175781kW
2024-08-28T00:00:00-04:00 New_York,343kW,110.30000305175781kW
2024-08-29T00:00:00-04:00 New_York,344.875kW,118.92500305175781kW
2024-08-30T00:00:00-04:00 New_York,348.875kW,94.42500305175781kW
2024-08-31T00:00:00-04:00 New_York,298.70001220703125kW,88.42500305175781kW
2024-09-01T00:00:00-04:00 New_York,289.3999938964844kW,101.75kW
2024-09-02T00:00:00-04:00 New_York,288.8499755859375kW,79.2750015258789kW
2024-09-03T00:00:00-04:00 New_York,368.0250244140625kW,235kW
2024-09-04T00:00:00-04:00 New_York,375.70001220703125kW,237.35000610351562kW
2024-09-05T00:00:00-04:00 New_York,384.20001220703125kW,262.625kW
2024-09-06T00:00:00-04:00 New_York,383.8999938964844kW,93.5999984741211kW
2024-09-07T00:00:00-04:00 New_York,282.32501220703125kW,82.92500305175781kW
2024-09-08T00:00:00-04:00 New_York,286.17498779296875kW,166.47500610351562kW
2024-09-09T00:00:00-04:00 New_York,379.5kW,276.0249938964844kW
2024-09-10T00:00:00-04:00 New_York,361.5kW,263.32501220703125kW
2024-09-11T00:00:00-04:00 New_York,370.70001220703125kW,361.2749938964844kW
2024-09-12T00:00:00-04:00 New_York,374.79998779296875kW,230kW
2024-09-13T00:00:00-04:00 New_York,378.79998779296875kW,75.2750015258789kW
2024-09-14T00:00:00-04:00 New_York,290.82501220703125kW,96.94999694824219kW
2024-09-15T00:00:00-04:00 New_York,278.82501220703125kW,170.72500610351562kW
2024-09-16T00:00:00-04:00 New_York,436.95001220703125kW,262.42498779296875kW
2024-09-17T00:00:00-04:00 New_York,369.54998779296875kW,228.1999969482422kW
2024-09-18T00:00:00-04:00 New_York,359.4000244140625kW,240.14999389648438kW
2024-09-19T00:00:00-04:00 New_York,377kW,146.02499389648438kW
2024-09-20T00:00:00-04:00 New_York,390.8999938964844kW,90.625kW
2024-09-21T00:00:00-04:00 New_York,273.8999938964844kW,95.1500015258789kW
2024-09-22T00:00:00-04:00 New_York,270.07501220703125kW,303.5kW
2024-09-23T00:00:00-04:00 New_York,369.07501220703125kW,262.2749938964844kW
2024-09-24T00:00:00-04:00 New_York,378.25kW,186.85000610351562kW
2024-09-25T00:00:00-04:00 New_York,362.0249938964844kW,107.69999694824219kW
2024-09-26T00:00:00-04:00 New_York,361.875kW,227.25kW
2024-09-27T00:00:00-04:00 New_York,367.5kW,74.25kW
2024-09-28T00:00:00-04:00 New_York,271.2250061035156kW,81.2249984741211kW
2024-09-29T00:00:00-04:00 New_York,262.6499938964844kW,239.75kW
2024-09-30T00:00:00-04:00 New_York,378.79998779296875kW,246.10000610351562kW
2024-10-01T00:00:00-04:00 New_York,371.3499755859375kW,223.5kW
2024-10-02T00:00:00-04:00 New_York,365.57501220703125kW,261.0249938964844kW
2024-10-03T00:00:00-04:00 New_York,356.95001220703125kW,274.6000061035156kW
2024-10-04T00:00:00-04:00 New_York,374.07501220703125kW,101.57499694824219kW
2024-10-05T00:00:00-04:00 New_York,261kW,95.0999984741211kW
2024-10-06T00:00:00-04:00 New_York,267.95001220703125kW,234.85000610351562kW
2024-10-07T00:00:00-04:00 New_York,372.6499938964844kW,245.6750030517578kW
2024-10-08T00:00:00-04:00 New_York,363.8500061035156kW,244.0500030517578kW
2024-10-09T00:00:00-04:00 New_York,350.5kW,223.60000610351562kW
2024-10-10T00:00:00-04:00 New_York,320.82501220703125kW,129.60000610351562kW
2024-10-11T00:00:00-04:00 New_York,307.3999938964844kW,59.95000076293945kW
2024-10-12T00:00:00-04:00 New_York,252kW,58.57500076293945kW
2024-10-13T00:00:00-04:00 New_York,262.5249938964844kW,61.099998474121094kW
2024-10-14T00:00:00-04:00 New_York,313kW,53.75kW
2024-10-15T00:00:00-04:00 New_York,290.5kW,125.25kW
2024-10-16T00:00:00-04:00 New_York,308.7249755859375kW,223.4250030517578kW
2024-10-17T00:00:00-04:00 New_York,360.1000061035156kW,210.1999969482422kW
2024-10-18T00:00:00-04:00 New_York,355.5250244140625kW,80.17500305175781kW
2024-10-19T00:00:00-04:00 New_York,265.4750061035156kW,65.0250015258789kW
2024-10-20T00:00:00-04:00 New_York,265.5kW,105.2249984741211kW
2024-10-21T00:00:00-04:00 New_York,362.75kW,85.67500305175781kW
2024-10-22T00:00:00-04:00 New_York,368.5kW,108.69999694824219kW
2024-10-23T00:00:00-04:00 New_York,354.70001220703125kW,88.5999984741211kW
2024-10-24T00:00:00-04:00 New_York,381.125kW,88.875kW
2024-10-25T00:00:00-04:00 New_York,369.20001220703125kW,72.25kW
2024-10-26T00:00:00-04:00 New_York,270.67498779296875kW,81.94999694824219kW
2024-10-27T00:00:00-04:00 New_York,269.0249938964844kW,94.67500305175781kW
2024-10-28T00:00:00-04:00 New_York,378.5250244140625kW,88.4000015258789kW
2024-10-29T00:00:00-04:00 New_York,359.1499938964844kW,113.67500305175781kW
2024-10-30T00:00:00-04:00 New_York,369.25kW,84.0250015258789kW
2024-10-31T00:00:00-04:00 New_York,351.625kW,116.875kW
2024-11-01T00:00:00-04:00 New_York,351.6000061035156kW,81.80000305175781kW
2024-11-02T00:00:00-04:00 New_York,275.04998779296875kW,69.1500015258789kW
2024-11-03T00:00:00-04:00 New_York,284.32501220703125kW,119.82499694824219kW
2024-11-04T00:00:00-05:00 New_York,376.8499755859375kW,90.4749984741211kW
2024-11-05T00:00:00-05:00 New_York,386.54998779296875kW,116.19999694824219kW
2024-11-06T00:00:00-05:00 New_York,372.17498779296875kW,109.44999694824219kW
2024-11-07T00:00:00-05:00 New_York,371.45001220703125kW,109.6500015258789kW
2024-11-08T00:00:00-05:00 New_York,366.42498779296875kW,79.6500015258789kW
2024-11-09T00:00:00-05:00 New_York,273.25kW,80.75kW
2024-11-10T00:00:00-05:00 New_York,275.625kW,102.17500305175781kW
2024-11-11T00:00:00-05:00 New_York,365.9000244140625kW,208.9250030517578kW
2024-11-12T00:00:00-05:00 New_York,363.6499938964844kW,91.07499694824219kW
2024-11-13T00:00:00-05:00 New_York,361kW,175.625kW
2024-11-14T00:00:00-05:00 New_York,347.04998779296875kW,169.60000610351562kW
2024-11-15T00:00:00-05:00 New_York,364.04998779296875kW,85.3499984741211kW
2024-11-16T00:00:00-05:00 New_York,284.2750244140625kW,85.30000305175781kW
2024-11-17T00:00:00-05:00 New_York,272.70001220703125kW,90.75kW
2024-11-18T00:00:00-05:00 New_York,365.875kW,226.97500610351562kW
2024-11-19T00:00:00-05:00 New_York,367.2749938964844kW,190.97500610351562kW
2024-11-20T00:00:00-05:00 New_York,354.70001220703125kW,137.6999969482422kW
2024-11-21T00:00:00-05:00 New_York,372.375kW,106.55000305175781kW
2024-11-22T00:00:00-05:00 New_York,374.79998779296875kW,97.2750015258789kW
2024-11-23T00:00:00-05:00 New_York,272.3999938964844kW,62.025001525878906kW
2024-11-24T00:00:00-05:00 New_York,271.7249755859375kW,55.875kW
2024-11-25T00:00:00-05:00 New_York,323.6500244140625kW,56.07500076293945kW
2024-11-26T00:00:00-05:00 New_York,319.3500061035156kW,41.45000076293945kW
2024-11-27T00:00:00-05:00 New_York,283.20001220703125kW,48.525001525878906kW
2024-11-28T00:00:00-05:00 New_York,260.92498779296875kW,42.400001525878906kW
2024-11-29T00:00:00-05:00 New_York,267.7749938964844kW,36.25kW
2024-11-30T00:00:00-05:00 New_York,260.45001220703125kW,33.224998474121094kW
2024-12-01T00:00:00-05:00 New_York,265.70001220703125kW,90.17500305175781kW
2024-12-02T00:00:00-05:00 New_York,345.6499938964844kW,84.5250015258789kW
2024-12-03T00:00:00-05:00 New_York,361.4000244140625kW,100.07499694824219kW
2024-12-04T00:00:00-05:00 New_York,335.8500061035156kW,122.75kW
2024-12-05T00:00:00-05:00 New_York,336.1499938964844kW,134.3000030517578kW
2024-12-06T00:00:00-05:00 New_York,335.9749755859375kW,107.875kW
2024-12-07T00:00:00-05:00 New_York,266.57501220703125kW,108.42500305175781kW
2024-12-08T00:00:00-05:00 New_York,273.5999755859375kW,122.42500305175781kW
2024-12-09T00:00:00-05:00 New_York,312.92498779296875kW,97.7750015258789kW
2024-12-10T00:00:00-05:00 New_York,309.17498779296875kW,99.3499984741211kW
2024-12-11T00:00:00-05:00 New_York,342.57501220703125kW,112.69999694824219kW
2024-12-12T00:00:00-05:00 New_York,314.3500061035156kW,87.82499694824219kW
2024-12-13T00:00:00-05:00 New_York,304.82501220703125kW,89.82499694824219kW
2024-12-14T00:00:00-05:00 New_York,284.07501220703125kW,112.5250015258789kW
2024-12-15T00:00:00-05:00 New_York,276.07501220703125kW,92.5999984741211kW
2024-12-16T00:00:00-05:00 New_York,305.29998779296875kW,92.25kW
2024-12-17T00:00:00-05:00 New_York,302.70001220703125kW,78.69999694824219kW
2024-12-18T00:00:00-05:00 New_York,292kW,87.5250015258789kW
2024-12-19T00:00:00-05:00 New_York,287.5kW,71.5kW
2024-12-20T00:00:00-05:00 New_York,284.2749938964844kW,58.650001525878906kW
2024-12-21T00:00:00-05:00 New_York,252.97500610351562kW,56.900001525878906kW
2024-12-22T00:00:00-05:00 New_York,248.27499389648438kW,33.650001525878906kW
2024-12-23T00:00:00-05:00 New_York,266.3499755859375kW,17.5kW
2024-12-24T00:00:00-05:00 New_York,259.25kW,17.600000381469727kW
2024-12-25T00:00:00-05:00 New_York,233.375kW,19.774999618530273kW
2024-12-26T00:00:00-05:00 New_York,240.97499084472656kW,30.424999237060547kW
2024-12-27T00:00:00-05:00 New_York,236.70001220703125kW,19.100000381469727kW
2024-12-28T00:00:00-05:00 New_York,234.125kW,20.125kW
2024-12-29T00:00:00-05:00 New_York,232.35000610351562kW,23.825000762939453kW
2024-12-30T00:00:00-05:00 New_York,244.8249969482422kW,18.375kW
2024-12-31T00:00:00-05:00 New_York,236.02499389648438kW,17.700000762939453kW
